pred,label,big_sent
"가난한, 불우한","가난한, 불우한",상처
한심한,"가난한, 불우한",상처
"가난한, 불우한","가난한, 불우한",상처
두려운,"가난한, 불우한",상처
"가난한, 불우한","가난한, 불우한",상처
후회되는,"가난한, 불우한",상처
"가난한, 불우한","가난한, 불우한",상처
"가난한, 불우한","가난한, 불우한",상처
낙담한,"가난한, 불우한",상처
불안,"가난한, 불우한",상처
눈물이 나는,"가난한, 불우한",상처
희생된,"가난한, 불우한",상처
"가난한, 불우한","가난한, 불우한",상처
"가난한, 불우한","가난한, 불우한",상처
죄책감의,"가난한, 불우한",상처
"가난한, 불우한","가난한, 불우한",상처
"가난한, 불우한","가난한, 불우한",상처
"가난한, 불우한","가난한, 불우한",상처
열등감,"가난한, 불우한",상처
낙담한,"가난한, 불우한",상처
"가난한, 불우한","가난한, 불우한",상처
"가난한, 불우한","가난한, 불우한",상처
고립된,"가난한, 불우한",상처
괴로워하는,"가난한, 불우한",상처
걱정스러운,"가난한, 불우한",상처
"가난한, 불우한","가난한, 불우한",상처
좌절한,"가난한, 불우한",상처
걱정스러운,"가난한, 불우한",상처
환멸을 느끼는,"가난한, 불우한",상처
"가난한, 불우한","가난한, 불우한",상처
"가난한, 불우한","가난한, 불우한",상처
남의 시선을 의식하는,"가난한, 불우한",상처
상처,"가난한, 불우한",상처
스트레스 받는,"가난한, 불우한",상처
취약한,"가난한, 불우한",상처
혼란스러운,"가난한, 불우한",상처
짜증내는,"가난한, 불우한",상처
취약한,"가난한, 불우한",상처
취약한,"가난한, 불우한",상처
"가난한, 불우한","가난한, 불우한",상처
낙담한,"가난한, 불우한",상처
걱정스러운,"가난한, 불우한",상처
고립된,"가난한, 불우한",상처
남의 시선을 의식하는,"가난한, 불우한",상처
우울한,"가난한, 불우한",상처
"가난한, 불우한","가난한, 불우한",상처
툴툴대는,"가난한, 불우한",상처
"가난한, 불우한","가난한, 불우한",상처
"가난한, 불우한","가난한, 불우한",상처
좌절한,"가난한, 불우한",상처
"가난한, 불우한","가난한, 불우한",상처
"가난한, 불우한","가난한, 불우한",상처
외로운,"가난한, 불우한",상처
조심스러운,"가난한, 불우한",상처
"가난한, 불우한","가난한, 불우한",상처
우울한,"가난한, 불우한",상처
"가난한, 불우한","가난한, 불우한",상처
낙담한,"가난한, 불우한",상처
슬픔,"가난한, 불우한",상처
"가난한, 불우한","가난한, 불우한",상처
고립된,"가난한, 불우한",상처
부끄러운,"가난한, 불우한",상처
충격 받은,"가난한, 불우한",상처
희생된,"가난한, 불우한",상처
걱정스러운,"가난한, 불우한",상처
"가난한, 불우한","가난한, 불우한",상처
남의 시선을 의식하는,"가난한, 불우한",상처
상처,"가난한, 불우한",상처
감사하는,감사하는,기쁨
감사하는,감사하는,기쁨
툴툴대는,감사하는,기쁨
감사하는,감사하는,기쁨
감사하는,감사하는,기쁨
감사하는,감사하는,기쁨
감사하는,감사하는,기쁨
감사하는,감사하는,기쁨
감사하는,감사하는,기쁨
감사하는,감사하는,기쁨
감사하는,감사하는,기쁨
흥분,감사하는,기쁨
감사하는,감사하는,기쁨
감사하는,감사하는,기쁨
감사하는,감사하는,기쁨
기쁨,감사하는,기쁨
감사하는,감사하는,기쁨
감사하는,감사하는,기쁨
감사하는,감사하는,기쁨
신이 난,감사하는,기쁨
감사하는,감사하는,기쁨
감사하는,감사하는,기쁨
감사하는,감사하는,기쁨
감사하는,감사하는,기쁨
감사하는,감사하는,기쁨
감사하는,감사하는,기쁨
감사하는,감사하는,기쁨
안도,감사하는,기쁨
감사하는,감사하는,기쁨
감사하는,감사하는,기쁨
감사하는,감사하는,기쁨
만족스러운,감사하는,기쁨
감사하는,감사하는,기쁨
감사하는,감사하는,기쁨
감사하는,감사하는,기쁨
감사하는,감사하는,기쁨
감사하는,감사하는,기쁨
감사하는,감사하는,기쁨
감사하는,감사하는,기쁨
감사하는,감사하는,기쁨
감사하는,감사하는,기쁨
자신하는,감사하는,기쁨
안도,감사하는,기쁨
감사하는,감사하는,기쁨
감사하는,감사하는,기쁨
만족스러운,감사하는,기쁨
감사하는,감사하는,기쁨
감사하는,감사하는,기쁨
감사하는,감사하는,기쁨
감사하는,감사하는,기쁨
감사하는,감사하는,기쁨
감사하는,감사하는,기쁨
감사하는,감사하는,기쁨
편안한,감사하는,기쁨
감사하는,감사하는,기쁨
감사하는,감사하는,기쁨
기쁨,감사하는,기쁨
감사하는,감사하는,기쁨
만족스러운,감사하는,기쁨
감사하는,감사하는,기쁨
신이 난,감사하는,기쁨
감사하는,감사하는,기쁨
기쁨,감사하는,기쁨
감사하는,감사하는,기쁨
감사하는,감사하는,기쁨
안도,감사하는,기쁨
감사하는,감사하는,기쁨
자신하는,감사하는,기쁨
감사하는,감사하는,기쁨
신뢰하는,감사하는,기쁨
만족스러운,감사하는,기쁨
기쁨,감사하는,기쁨
감사하는,감사하는,기쁨
감사하는,감사하는,기쁨
만족스러운,감사하는,기쁨
감사하는,감사하는,기쁨
감사하는,감사하는,기쁨
만족스러운,감사하는,기쁨
감사하는,감사하는,기쁨
감사하는,감사하는,기쁨
기쁨,감사하는,기쁨
감사하는,감사하는,기쁨
감사하는,감사하는,기쁨
신뢰하는,감사하는,기쁨
감사하는,감사하는,기쁨
감사하는,감사하는,기쁨
감사하는,감사하는,기쁨
감사하는,감사하는,기쁨
흥분,감사하는,기쁨
걱정스러운,걱정스러운,불안
걱정스러운,걱정스러운,불안
방어적인,걱정스러운,불안
희생된,걱정스러운,불안
두려운,걱정스러운,불안
불안,걱정스러운,불안
걱정스러운,걱정스러운,불안
두려운,걱정스러운,불안
불안,걱정스러운,불안
충격 받은,걱정스러운,불안
걱정스러운,걱정스러운,불안
두려운,걱정스러운,불안
걱정스러운,걱정스러운,불안
걱정스러운,걱정스러운,불안
걱정스러운,걱정스러운,불안
걱정스러운,걱정스러운,불안
당황,걱정스러운,불안
조심스러운,걱정스러운,불안
걱정스러운,걱정스러운,불안
짜증내는,걱정스러운,불안
혼란스러운,걱정스러운,불안
편안한,걱정스러운,불안
걱정스러운,걱정스러운,불안
조심스러운,걱정스러운,불안
회의적인,걱정스러운,불안
걱정스러운,걱정스러운,불안
걱정스러운,걱정스러운,불안
초조한,걱정스러운,불안
걱정스러운,걱정스러운,불안
걱정스러운,걱정스러운,불안
두려운,걱정스러운,불안
걱정스러운,걱정스러운,불안
낙담한,걱정스러운,불안
걱정스러운,걱정스러운,불안
불안,걱정스러운,불안
두려운,걱정스러운,불안
고립된,걱정스러운,불안
걱정스러운,걱정스러운,불안
걱정스러운,걱정스러운,불안
스트레스 받는,걱정스러운,불안
초조한,걱정스러운,불안
조심스러운,걱정스러운,불안
당혹스러운,걱정스러운,불안
혼란스러운,걱정스러운,불안
남의 시선을 의식하는,걱정스러운,불안
조심스러운,걱정스러운,불안
부끄러운,걱정스러운,불안
걱정스러운,걱정스러운,불안
스트레스 받는,걱정스러운,불안
걱정스러운,걱정스러운,불안
스트레스 받는,걱정스러운,불안
조심스러운,걱정스러운,불안
불안,걱정스러운,불안
염세적인,걱정스러운,불안
조심스러운,걱정스러운,불안
걱정스러운,걱정스러운,불안
걱정스러운,걱정스러운,불안
슬픔,걱정스러운,불안
두려운,걱정스러운,불안
혼란스러운,걱정스러운,불안
걱정스러운,걱정스러운,불안
걱정스러운,걱정스러운,불안
불안,걱정스러운,불안
눈물이 나는,걱정스러운,불안
걱정스러운,걱정스러운,불안
외로운,걱정스러운,불안
툴툴대는,걱정스러운,불안
걱정스러운,걱정스러운,불안
걱정스러운,걱정스러운,불안
걱정스러운,걱정스러운,불안
걱정스러운,걱정스러운,불안
걱정스러운,걱정스러운,불안
걱정스러운,걱정스러운,불안
불안,걱정스러운,불안
걱정스러운,걱정스러운,불안
실망한,걱정스러운,불안
걱정스러운,걱정스러운,불안
걱정스러운,걱정스러운,불안
걱정스러운,걱정스러운,불안
걱정스러운,걱정스러운,불안
불안,걱정스러운,불안
초조한,걱정스러운,불안
안달하는,걱정스러운,불안
두려운,걱정스러운,불안
안달하는,걱정스러운,불안
불안,걱정스러운,불안
부끄러운,걱정스러운,불안
걱정스러운,걱정스러운,불안
불안,걱정스러운,불안
걱정스러운,걱정스러운,불안
혼란스러운,걱정스러운,불안
걱정스러운,걱정스러운,불안
걱정스러운,걱정스러운,불안
걱정스러운,걱정스러운,불안
걱정스러운,걱정스러운,불안
걱정스러운,걱정스러운,불안
걱정스러운,걱정스러운,불안
두려운,걱정스러운,불안
회의적인,걱정스러운,불안
편안한,걱정스러운,불안
불안,걱정스러운,불안
걱정스러운,걱정스러운,불안
걱정스러운,걱정스러운,불안
걱정스러운,걱정스러운,불안
충격 받은,걱정스러운,불안
조심스러운,걱정스러운,불안
걱정스러운,걱정스러운,불안
버려진,고립된,당황
상처,고립된,당황
고립된,고립된,당황
고립된,고립된,당황
고립된,고립된,당황
고립된,고립된,당황
당황,고립된,당황
고립된,고립된,당황
고립된,고립된,당황
당혹스러운,고립된,당황
당황,고립된,당황
고립된,고립된,당황
안달하는,고립된,당황
고립된,고립된,당황
고립된,고립된,당황
낙담한,고립된,당황
당황,고립된,당황
고립된,고립된,당황
고립된,고립된,당황
외로운,고립된,당황
혼란스러운,고립된,당황
고립된,고립된,당황
고립된,고립된,당황
좌절한,고립된,당황
고립된,고립된,당황
당혹스러운,고립된,당황
혼란스러운,고립된,당황
고립된,고립된,당황
고립된,고립된,당황
버려진,고립된,당황
고립된,고립된,당황
우울한,고립된,당황
걱정스러운,고립된,당황
고립된,고립된,당황
상처,고립된,당황
혼란스러운,고립된,당황
"가난한, 불우한",고립된,당황
버려진,고립된,당황
걱정스러운,고립된,당황
혼란스러운,고립된,당황
불안,고립된,당황
고립된,고립된,당황
스트레스 받는,고립된,당황
고립된,고립된,당황
한심한,고립된,당황
상처,고립된,당황
외로운,고립된,당황
취약한,고립된,당황
실망한,고립된,당황
외로운,고립된,당황
고립된,고립된,당황
고립된,고립된,당황
고립된,고립된,당황
툴툴대는,고립된,당황
고립된,고립된,당황
고립된,고립된,당황
당혹스러운,고립된,당황
고립된,고립된,당황
외로운,고립된,당황
고립된,고립된,당황
고립된,고립된,당황
당황,고립된,당황
고립된,고립된,당황
고립된,고립된,당황
외로운,고립된,당황
두려운,고립된,당황
고립된,고립된,당황
분노,고립된,당황
고립된,고립된,당황
걱정스러운,고립된,당황
고립된,고립된,당황
고립된,고립된,당황
고립된,고립된,당황
우울한,고립된,당황
눈물이 나는,고립된,당황
슬픔,고립된,당황
고립된,고립된,당황
고립된,고립된,당황
낙담한,고립된,당황
낙담한,고립된,당황
고립된,고립된,당황
고립된,고립된,당황
상처,고립된,당황
외로운,고립된,당황
고립된,고립된,당황
고립된,고립된,당황
"가난한, 불우한",고립된,당황
고립된,고립된,당황
고립된,고립된,당황
고립된,고립된,당황
열등감,고립된,당황
염세적인,고립된,당황
고립된,고립된,당황
고립된,고립된,당황
고립된,고립된,당황
당혹스러운,고립된,당황
고립된,고립된,당황
외로운,고립된,당황
고립된,고립된,당황
당혹스러운,고립된,당황
고립된,고립된,당황
고립된,고립된,당황
초조한,고립된,당황
고립된,고립된,당황
고립된,고립된,당황
당혹스러운,고립된,당황
고립된,고립된,당황
외로운,고립된,당황
고립된,고립된,당황
외로운,고립된,당황
버려진,고립된,당황
고립된,고립된,당황
버려진,고립된,당황
버려진,고립된,당황
고립된,고립된,당황
고립된,고립된,당황
고립된,고립된,당황
당황,고립된,당황
고립된,고립된,당황
고립된,고립된,당황
슬픔,고립된,당황
눈물이 나는,고립된,당황
괴로워하는,고립된,당황
고립된,고립된,당황
분노,고립된,당황
고립된,고립된,당황
혼란스러운,고립된,당황
고립된,고립된,당황
분노,고립된,당황
버려진,고립된,당황
낙담한,고립된,당황
고립된,고립된,당황
남의 시선을 의식하는,고립된,당황
눈물이 나는,고립된,당황
고립된,고립된,당황
혼란스러운,고립된,당황
고립된,고립된,당황
외로운,고립된,당황
고립된,고립된,당황
스트레스 받는,고립된,당황
외로운,고립된,당황
취약한,고립된,당황
걱정스러운,고립된,당황
고립된,고립된,당황
고립된,고립된,당황
고립된,고립된,당황
고립된,고립된,당황
고립된,고립된,당황
고립된,고립된,당황
희생된,고립된,당황
고립된,고립된,당황
고립된,고립된,당황
취약한,괴로워하는,상처
괴로워하는,괴로워하는,상처
"가난한, 불우한",괴로워하는,상처
괴로워하는,괴로워하는,상처
괴로워하는,괴로워하는,상처
괴로워하는,괴로워하는,상처
괴로워하는,괴로워하는,상처
괴로워하는,괴로워하는,상처
괴로워하는,괴로워하는,상처
괴로워하는,괴로워하는,상처
괴로워하는,괴로워하는,상처
괴로워하는,괴로워하는,상처
짜증내는,괴로워하는,상처
실망한,괴로워하는,상처
괴로워하는,괴로워하는,상처
걱정스러운,괴로워하는,상처
버려진,괴로워하는,상처
안달하는,괴로워하는,상처
스트레스 받는,괴로워하는,상처
괴로워하는,괴로워하는,상처
슬픔,괴로워하는,상처
괴로워하는,괴로워하는,상처
괴로워하는,괴로워하는,상처
괴로워하는,괴로워하는,상처
스트레스 받는,괴로워하는,상처
괴로워하는,괴로워하는,상처
우울한,괴로워하는,상처
걱정스러운,괴로워하는,상처
괴로워하는,괴로워하는,상처
슬픔,괴로워하는,상처
"가난한, 불우한",괴로워하는,상처
괴로워하는,괴로워하는,상처
괴로워하는,괴로워하는,상처
괴로워하는,괴로워하는,상처
괴로워하는,괴로워하는,상처
괴로워하는,괴로워하는,상처
괴로워하는,괴로워하는,상처
괴로워하는,괴로워하는,상처
자신하는,괴로워하는,상처
괴로워하는,괴로워하는,상처
혐오스러운,괴로워하는,상처
괴로워하는,괴로워하는,상처
괴로워하는,괴로워하는,상처
안달하는,괴로워하는,상처
괴로워하는,괴로워하는,상처
후회되는,괴로워하는,상처
분노,괴로워하는,상처
취약한,괴로워하는,상처
환멸을 느끼는,괴로워하는,상처
괴로워하는,괴로워하는,상처
마비된,괴로워하는,상처
괴로워하는,괴로워하는,상처
괴로워하는,괴로워하는,상처
괴로워하는,괴로워하는,상처
환멸을 느끼는,괴로워하는,상처
괴로워하는,괴로워하는,상처
괴로워하는,괴로워하는,상처
괴로워하는,괴로워하는,상처
조심스러운,괴로워하는,상처
한심한,괴로워하는,상처
괴로워하는,괴로워하는,상처
괴로워하는,괴로워하는,상처
두려운,괴로워하는,상처
괴로워하는,괴로워하는,상처
상처,괴로워하는,상처
괴로워하는,괴로워하는,상처
괴로워하는,괴로워하는,상처
괴로워하는,괴로워하는,상처
남의 시선을 의식하는,괴로워하는,상처
"가난한, 불우한",괴로워하는,상처
낙담한,괴로워하는,상처
염세적인,괴로워하는,상처
우울한,괴로워하는,상처
괴로워하는,괴로워하는,상처
괴로워하는,괴로워하는,상처
낙담한,괴로워하는,상처
괴로워하는,괴로워하는,상처
외로운,괴로워하는,상처
괴로워하는,괴로워하는,상처
괴로워하는,괴로워하는,상처
상처,괴로워하는,상처
스트레스 받는,괴로워하는,상처
비통한,괴로워하는,상처
걱정스러운,괴로워하는,상처
스트레스 받는,괴로워하는,상처
괴로워하는,괴로워하는,상처
괴로워하는,괴로워하는,상처
성가신,괴로워하는,상처
괴로워하는,괴로워하는,상처
걱정스러운,괴로워하는,상처
충격 받은,괴로워하는,상처
조심스러운,괴로워하는,상처
괴로워하는,괴로워하는,상처
괴로워하는,괴로워하는,상처
괴로워하는,괴로워하는,상처
괴로워하는,괴로워하는,상처
억울한,괴로워하는,상처
눈물이 나는,괴로워하는,상처
혼란스러운,괴로워하는,상처
구역질 나는,구역질 나는,분노
구역질 나는,구역질 나는,분노
혐오스러운,구역질 나는,분노
충격 받은,구역질 나는,분노
구역질 나는,구역질 나는,분노
구역질 나는,구역질 나는,분노
배신당한,구역질 나는,분노
구역질 나는,구역질 나는,분노
구역질 나는,구역질 나는,분노
슬픔,구역질 나는,분노
구역질 나는,구역질 나는,분노
방어적인,구역질 나는,분노
두려운,구역질 나는,분노
구역질 나는,구역질 나는,분노
실망한,구역질 나는,분노
구역질 나는,구역질 나는,분노
분노,구역질 나는,분노
노여워하는,구역질 나는,분노
노여워하는,구역질 나는,분노
구역질 나는,구역질 나는,분노
구역질 나는,구역질 나는,분노
구역질 나는,구역질 나는,분노
구역질 나는,구역질 나는,분노
분노,구역질 나는,분노
구역질 나는,구역질 나는,분노
구역질 나는,구역질 나는,분노
분노,구역질 나는,분노
구역질 나는,구역질 나는,분노
구역질 나는,구역질 나는,분노
구역질 나는,구역질 나는,분노
구역질 나는,구역질 나는,분노
구역질 나는,구역질 나는,분노
구역질 나는,구역질 나는,분노
구역질 나는,구역질 나는,분노
구역질 나는,구역질 나는,분노
구역질 나는,구역질 나는,분노
구역질 나는,구역질 나는,분노
당혹스러운,구역질 나는,분노
구역질 나는,구역질 나는,분노
구역질 나는,구역질 나는,분노
억울한,구역질 나는,분노
노여워하는,구역질 나는,분노
구역질 나는,구역질 나는,분노
구역질 나는,구역질 나는,분노
우울한,구역질 나는,분노
구역질 나는,구역질 나는,분노
구역질 나는,구역질 나는,분노
구역질 나는,구역질 나는,분노
구역질 나는,구역질 나는,분노
구역질 나는,구역질 나는,분노
실망한,구역질 나는,분노
구역질 나는,구역질 나는,분노
혐오스러운,구역질 나는,분노
구역질 나는,구역질 나는,분노
구역질 나는,구역질 나는,분노
낙담한,구역질 나는,분노
노여워하는,구역질 나는,분노
혐오스러운,구역질 나는,분노
구역질 나는,구역질 나는,분노
구역질 나는,구역질 나는,분노
구역질 나는,구역질 나는,분노
구역질 나는,구역질 나는,분노
구역질 나는,구역질 나는,분노
구역질 나는,구역질 나는,분노
혐오스러운,구역질 나는,분노
구역질 나는,구역질 나는,분노
구역질 나는,구역질 나는,분노
구역질 나는,구역질 나는,분노
구역질 나는,구역질 나는,분노
혼란스러운,구역질 나는,분노
구역질 나는,구역질 나는,분노
충격 받은,구역질 나는,분노
방어적인,구역질 나는,분노
스트레스 받는,구역질 나는,분노
구역질 나는,구역질 나는,분노
노여워하는,구역질 나는,분노
구역질 나는,구역질 나는,분노
구역질 나는,구역질 나는,분노
구역질 나는,구역질 나는,분노
노여워하는,구역질 나는,분노
구역질 나는,구역질 나는,분노
구역질 나는,구역질 나는,분노
구역질 나는,구역질 나는,분노
기쁨,기쁨,기쁨
기쁨,기쁨,기쁨
두려운,기쁨,기쁨
기쁨,기쁨,기쁨
느긋,기쁨,기쁨
기쁨,기쁨,기쁨
기쁨,기쁨,기쁨
기쁨,기쁨,기쁨
조심스러운,기쁨,기쁨
기쁨,기쁨,기쁨
신이 난,기쁨,기쁨
기쁨,기쁨,기쁨
기쁨,기쁨,기쁨
기쁨,기쁨,기쁨
신이 난,기쁨,기쁨
기쁨,기쁨,기쁨
흥분,기쁨,기쁨
만족스러운,기쁨,기쁨
기쁨,기쁨,기쁨
감사하는,기쁨,기쁨
흥분,기쁨,기쁨
신뢰하는,기쁨,기쁨
기쁨,기쁨,기쁨
신이 난,기쁨,기쁨
감사하는,기쁨,기쁨
감사하는,기쁨,기쁨
신이 난,기쁨,기쁨
감사하는,기쁨,기쁨
기쁨,기쁨,기쁨
기쁨,기쁨,기쁨
신이 난,기쁨,기쁨
기쁨,기쁨,기쁨
신이 난,기쁨,기쁨
기쁨,기쁨,기쁨
안도,기쁨,기쁨
안도,기쁨,기쁨
편안한,기쁨,기쁨
느긋,기쁨,기쁨
혼란스러운,기쁨,기쁨
편안한,기쁨,기쁨
만족스러운,기쁨,기쁨
기쁨,기쁨,기쁨
흥분,기쁨,기쁨
기쁨,기쁨,기쁨
기쁨,기쁨,기쁨
기쁨,기쁨,기쁨
기쁨,기쁨,기쁨
신이 난,기쁨,기쁨
안도,기쁨,기쁨
편안한,기쁨,기쁨
흥분,기쁨,기쁨
기쁨,기쁨,기쁨
만족스러운,기쁨,기쁨
기쁨,기쁨,기쁨
기쁨,기쁨,기쁨
편안한,기쁨,기쁨
기쁨,기쁨,기쁨
자신하는,기쁨,기쁨
감사하는,기쁨,기쁨
감사하는,기쁨,기쁨
분노,기쁨,기쁨
기쁨,기쁨,기쁨
기쁨,기쁨,기쁨
감사하는,기쁨,기쁨
기쁨,기쁨,기쁨
감사하는,기쁨,기쁨
안도,기쁨,기쁨
편안한,기쁨,기쁨
기쁨,기쁨,기쁨
기쁨,기쁨,기쁨
신이 난,기쁨,기쁨
흥분,기쁨,기쁨
기쁨,기쁨,기쁨
기쁨,기쁨,기쁨
기쁨,기쁨,기쁨
흥분,기쁨,기쁨
신이 난,기쁨,기쁨
기쁨,기쁨,기쁨
기쁨,기쁨,기쁨
신이 난,기쁨,기쁨
기쁨,기쁨,기쁨
흥분,기쁨,기쁨
기쁨,기쁨,기쁨
기쁨,기쁨,기쁨
기쁨,기쁨,기쁨
기쁨,기쁨,기쁨
안도,기쁨,기쁨
감사하는,기쁨,기쁨
편안한,기쁨,기쁨
신이 난,기쁨,기쁨
기쁨,기쁨,기쁨
신이 난,기쁨,기쁨
신이 난,기쁨,기쁨
감사하는,기쁨,기쁨
흥분,기쁨,기쁨
흥분,기쁨,기쁨
기쁨,기쁨,기쁨
만족스러운,기쁨,기쁨
기쁨,기쁨,기쁨
흥분,기쁨,기쁨
기쁨,기쁨,기쁨
만족스러운,기쁨,기쁨
환멸을 느끼는,낙담한,슬픔
두려운,낙담한,슬픔
슬픔,낙담한,슬픔
걱정스러운,낙담한,슬픔
환멸을 느끼는,낙담한,슬픔
낙담한,낙담한,슬픔
낙담한,낙담한,슬픔
환멸을 느끼는,낙담한,슬픔
낙담한,낙담한,슬픔
낙담한,낙담한,슬픔
실망한,낙담한,슬픔
실망한,낙담한,슬픔
"가난한, 불우한",낙담한,슬픔
툴툴대는,낙담한,슬픔
낙담한,낙담한,슬픔
마비된,낙담한,슬픔
실망한,낙담한,슬픔
낙담한,낙담한,슬픔
열등감,낙담한,슬픔
괴로워하는,낙담한,슬픔
낙담한,낙담한,슬픔
짜증내는,낙담한,슬픔
낙담한,낙담한,슬픔
낙담한,낙담한,슬픔
구역질 나는,낙담한,슬픔
슬픔,낙담한,슬픔
취약한,낙담한,슬픔
환멸을 느끼는,낙담한,슬픔
낙담한,낙담한,슬픔
고립된,낙담한,슬픔
열등감,낙담한,슬픔
외로운,낙담한,슬픔
낙담한,낙담한,슬픔
낙담한,낙담한,슬픔
실망한,낙담한,슬픔
낙담한,낙담한,슬픔
낙담한,낙담한,슬픔
고립된,낙담한,슬픔
낙담한,낙담한,슬픔
혼란스러운,낙담한,슬픔
후회되는,낙담한,슬픔
눈물이 나는,낙담한,슬픔
슬픔,낙담한,슬픔
실망한,낙담한,슬픔
실망한,낙담한,슬픔
우울한,낙담한,슬픔
슬픔,낙담한,슬픔
염세적인,낙담한,슬픔
낙담한,낙담한,슬픔
낙담한,낙담한,슬픔
낙담한,낙담한,슬픔
비통한,낙담한,슬픔
성가신,낙담한,슬픔
노여워하는,낙담한,슬픔
희생된,낙담한,슬픔
방어적인,낙담한,슬픔
낙담한,낙담한,슬픔
낙담한,낙담한,슬픔
낙담한,낙담한,슬픔
염세적인,낙담한,슬픔
분노,낙담한,슬픔
우울한,낙담한,슬픔
낙담한,낙담한,슬픔
좌절한,낙담한,슬픔
낙담한,낙담한,슬픔
상처,낙담한,슬픔
낙담한,낙담한,슬픔
걱정스러운,낙담한,슬픔
좌절한,낙담한,슬픔
낙담한,낙담한,슬픔
열등감,낙담한,슬픔
낙담한,낙담한,슬픔
외로운,낙담한,슬픔
실망한,낙담한,슬픔
낙담한,낙담한,슬픔
고립된,낙담한,슬픔
낙담한,낙담한,슬픔
낙담한,낙담한,슬픔
고립된,낙담한,슬픔
실망한,낙담한,슬픔
낙담한,낙담한,슬픔
낙담한,낙담한,슬픔
낙담한,낙담한,슬픔
낙담한,낙담한,슬픔
낙담한,낙담한,슬픔
고립된,남의 시선을 의식하는,당황
남의 시선을 의식하는,남의 시선을 의식하는,당황
남의 시선을 의식하는,남의 시선을 의식하는,당황
남의 시선을 의식하는,남의 시선을 의식하는,당황
걱정스러운,남의 시선을 의식하는,당황
남의 시선을 의식하는,남의 시선을 의식하는,당황
남의 시선을 의식하는,남의 시선을 의식하는,당황
남의 시선을 의식하는,남의 시선을 의식하는,당황
희생된,남의 시선을 의식하는,당황
외로운,남의 시선을 의식하는,당황
남의 시선을 의식하는,남의 시선을 의식하는,당황
남의 시선을 의식하는,남의 시선을 의식하는,당황
회의적인,남의 시선을 의식하는,당황
남의 시선을 의식하는,남의 시선을 의식하는,당황
남의 시선을 의식하는,남의 시선을 의식하는,당황
남의 시선을 의식하는,남의 시선을 의식하는,당황
부끄러운,남의 시선을 의식하는,당황
방어적인,남의 시선을 의식하는,당황
남의 시선을 의식하는,남의 시선을 의식하는,당황
남의 시선을 의식하는,남의 시선을 의식하는,당황
취약한,남의 시선을 의식하는,당황
남의 시선을 의식하는,남의 시선을 의식하는,당황
남의 시선을 의식하는,남의 시선을 의식하는,당황
남의 시선을 의식하는,남의 시선을 의식하는,당황
남의 시선을 의식하는,남의 시선을 의식하는,당황
남의 시선을 의식하는,남의 시선을 의식하는,당황
남의 시선을 의식하는,남의 시선을 의식하는,당황
남의 시선을 의식하는,남의 시선을 의식하는,당황
남의 시선을 의식하는,남의 시선을 의식하는,당황
부끄러운,남의 시선을 의식하는,당황
부끄러운,남의 시선을 의식하는,당황
남의 시선을 의식하는,남의 시선을 의식하는,당황
당혹스러운,남의 시선을 의식하는,당황
남의 시선을 의식하는,남의 시선을 의식하는,당황
당혹스러운,남의 시선을 의식하는,당황
염세적인,남의 시선을 의식하는,당황
남의 시선을 의식하는,남의 시선을 의식하는,당황
남의 시선을 의식하는,남의 시선을 의식하는,당황
남의 시선을 의식하는,남의 시선을 의식하는,당황
남의 시선을 의식하는,남의 시선을 의식하는,당황
남의 시선을 의식하는,남의 시선을 의식하는,당황
조심스러운,남의 시선을 의식하는,당황
남의 시선을 의식하는,남의 시선을 의식하는,당황
남의 시선을 의식하는,남의 시선을 의식하는,당황
남의 시선을 의식하는,남의 시선을 의식하는,당황
남의 시선을 의식하는,남의 시선을 의식하는,당황
남의 시선을 의식하는,남의 시선을 의식하는,당황
걱정스러운,남의 시선을 의식하는,당황
남의 시선을 의식하는,남의 시선을 의식하는,당황
남의 시선을 의식하는,남의 시선을 의식하는,당황
낙담한,남의 시선을 의식하는,당황
스트레스 받는,남의 시선을 의식하는,당황
남의 시선을 의식하는,남의 시선을 의식하는,당황
남의 시선을 의식하는,남의 시선을 의식하는,당황
남의 시선을 의식하는,남의 시선을 의식하는,당황
남의 시선을 의식하는,남의 시선을 의식하는,당황
걱정스러운,남의 시선을 의식하는,당황
당황,남의 시선을 의식하는,당황
남의 시선을 의식하는,남의 시선을 의식하는,당황
회의적인,남의 시선을 의식하는,당황
남의 시선을 의식하는,남의 시선을 의식하는,당황
혼란스러운,남의 시선을 의식하는,당황
남의 시선을 의식하는,남의 시선을 의식하는,당황
죄책감의,남의 시선을 의식하는,당황
남의 시선을 의식하는,남의 시선을 의식하는,당황
남의 시선을 의식하는,남의 시선을 의식하는,당황
걱정스러운,남의 시선을 의식하는,당황
편안한,남의 시선을 의식하는,당황
열등감,남의 시선을 의식하는,당황
상처,남의 시선을 의식하는,당황
남의 시선을 의식하는,남의 시선을 의식하는,당황
남의 시선을 의식하는,남의 시선을 의식하는,당황
남의 시선을 의식하는,남의 시선을 의식하는,당황
남의 시선을 의식하는,남의 시선을 의식하는,당황
고립된,남의 시선을 의식하는,당황
스트레스 받는,남의 시선을 의식하는,당황
남의 시선을 의식하는,남의 시선을 의식하는,당황
두려운,남의 시선을 의식하는,당황
부끄러운,남의 시선을 의식하는,당황
남의 시선을 의식하는,남의 시선을 의식하는,당황
걱정스러운,남의 시선을 의식하는,당황
남의 시선을 의식하는,남의 시선을 의식하는,당황
남의 시선을 의식하는,남의 시선을 의식하는,당황
남의 시선을 의식하는,남의 시선을 의식하는,당황
슬픔,남의 시선을 의식하는,당황
남의 시선을 의식하는,남의 시선을 의식하는,당황
남의 시선을 의식하는,남의 시선을 의식하는,당황
남의 시선을 의식하는,남의 시선을 의식하는,당황
자신하는,남의 시선을 의식하는,당황
남의 시선을 의식하는,남의 시선을 의식하는,당황
남의 시선을 의식하는,남의 시선을 의식하는,당황
남의 시선을 의식하는,남의 시선을 의식하는,당황
악의적인,노여워하는,분노
분노,노여워하는,분노
방어적인,노여워하는,분노
악의적인,노여워하는,분노
분노,노여워하는,분노
노여워하는,노여워하는,분노
분노,노여워하는,분노
노여워하는,노여워하는,분노
열등감,노여워하는,분노
스트레스 받는,노여워하는,분노
분노,노여워하는,분노
악의적인,노여워하는,분노
분노,노여워하는,분노
노여워하는,노여워하는,분노
노여워하는,노여워하는,분노
툴툴대는,노여워하는,분노
노여워하는,노여워하는,분노
노여워하는,노여워하는,분노
노여워하는,노여워하는,분노
분노,노여워하는,분노
분노,노여워하는,분노
분노,노여워하는,분노
악의적인,노여워하는,분노
분노,노여워하는,분노
노여워하는,노여워하는,분노
툴툴대는,노여워하는,분노
안달하는,노여워하는,분노
노여워하는,노여워하는,분노
노여워하는,노여워하는,분노
분노,노여워하는,분노
당황,노여워하는,분노
환멸을 느끼는,노여워하는,분노
노여워하는,노여워하는,분노
희생된,노여워하는,분노
희생된,노여워하는,분노
악의적인,노여워하는,분노
노여워하는,노여워하는,분노
슬픔,노여워하는,분노
노여워하는,노여워하는,분노
노여워하는,노여워하는,분노
노여워하는,노여워하는,분노
분노,노여워하는,분노
노여워하는,노여워하는,분노
노여워하는,노여워하는,분노
환멸을 느끼는,노여워하는,분노
혐오스러운,노여워하는,분노
방어적인,노여워하는,분노
괴로워하는,노여워하는,분노
비통한,노여워하는,분노
구역질 나는,노여워하는,분노
분노,노여워하는,분노
노여워하는,노여워하는,분노
노여워하는,노여워하는,분노
노여워하는,노여워하는,분노
노여워하는,노여워하는,분노
노여워하는,노여워하는,분노
툴툴대는,노여워하는,분노
성가신,노여워하는,분노
분노,노여워하는,분노
구역질 나는,노여워하는,분노
분노,노여워하는,분노
노여워하는,노여워하는,분노
노여워하는,노여워하는,분노
노여워하는,노여워하는,분노
노여워하는,노여워하는,분노
분노,노여워하는,분노
노여워하는,노여워하는,분노
분노,노여워하는,분노
희생된,노여워하는,분노
분노,노여워하는,분노
툴툴대는,노여워하는,분노
노여워하는,노여워하는,분노
노여워하는,노여워하는,분노
노여워하는,노여워하는,분노
분노,노여워하는,분노
열등감,노여워하는,분노
노여워하는,노여워하는,분노
충격 받은,노여워하는,분노
노여워하는,노여워하는,분노
노여워하는,노여워하는,분노
악의적인,노여워하는,분노
분노,노여워하는,분노
노여워하는,노여워하는,분노
방어적인,노여워하는,분노
노여워하는,노여워하는,분노
좌절한,노여워하는,분노
방어적인,노여워하는,분노
툴툴대는,노여워하는,분노
혼란스러운,노여워하는,분노
분노,노여워하는,분노
분노,노여워하는,분노
부끄러운,노여워하는,분노
노여워하는,노여워하는,분노
노여워하는,노여워하는,분노
분노,노여워하는,분노
질투하는,노여워하는,분노
툴툴대는,노여워하는,분노
환멸을 느끼는,노여워하는,분노
노여워하는,노여워하는,분노
노여워하는,노여워하는,분노
노여워하는,노여워하는,분노
구역질 나는,노여워하는,분노
분노,노여워하는,분노
눈물이 나는,눈물이 나는,슬픔
걱정스러운,눈물이 나는,슬픔
희생된,눈물이 나는,슬픔
눈물이 나는,눈물이 나는,슬픔
우울한,눈물이 나는,슬픔
질투하는,눈물이 나는,슬픔
슬픔,눈물이 나는,슬픔
두려운,눈물이 나는,슬픔
죄책감의,눈물이 나는,슬픔
슬픔,눈물이 나는,슬픔
충격 받은,눈물이 나는,슬픔
"가난한, 불우한",눈물이 나는,슬픔
눈물이 나는,눈물이 나는,슬픔
짜증내는,눈물이 나는,슬픔
눈물이 나는,눈물이 나는,슬픔
눈물이 나는,눈물이 나는,슬픔
눈물이 나는,눈물이 나는,슬픔
눈물이 나는,눈물이 나는,슬픔
눈물이 나는,눈물이 나는,슬픔
비통한,눈물이 나는,슬픔
눈물이 나는,눈물이 나는,슬픔
눈물이 나는,눈물이 나는,슬픔
눈물이 나는,눈물이 나는,슬픔
눈물이 나는,눈물이 나는,슬픔
감사하는,눈물이 나는,슬픔
눈물이 나는,눈물이 나는,슬픔
눈물이 나는,눈물이 나는,슬픔
눈물이 나는,눈물이 나는,슬픔
기쁨,눈물이 나는,슬픔
비통한,눈물이 나는,슬픔
눈물이 나는,눈물이 나는,슬픔
눈물이 나는,눈물이 나는,슬픔
눈물이 나는,눈물이 나는,슬픔
우울한,눈물이 나는,슬픔
억울한,눈물이 나는,슬픔
눈물이 나는,눈물이 나는,슬픔
눈물이 나는,눈물이 나는,슬픔
눈물이 나는,눈물이 나는,슬픔
우울한,눈물이 나는,슬픔
눈물이 나는,눈물이 나는,슬픔
눈물이 나는,눈물이 나는,슬픔
걱정스러운,눈물이 나는,슬픔
눈물이 나는,눈물이 나는,슬픔
눈물이 나는,눈물이 나는,슬픔
눈물이 나는,눈물이 나는,슬픔
우울한,눈물이 나는,슬픔
눈물이 나는,눈물이 나는,슬픔
눈물이 나는,눈물이 나는,슬픔
눈물이 나는,눈물이 나는,슬픔
슬픔,눈물이 나는,슬픔
눈물이 나는,눈물이 나는,슬픔
눈물이 나는,눈물이 나는,슬픔
눈물이 나는,눈물이 나는,슬픔
슬픔,눈물이 나는,슬픔
눈물이 나는,눈물이 나는,슬픔
후회되는,눈물이 나는,슬픔
눈물이 나는,눈물이 나는,슬픔
눈물이 나는,눈물이 나는,슬픔
우울한,눈물이 나는,슬픔
비통한,눈물이 나는,슬픔
눈물이 나는,눈물이 나는,슬픔
눈물이 나는,눈물이 나는,슬픔
눈물이 나는,눈물이 나는,슬픔
눈물이 나는,눈물이 나는,슬픔
슬픔,눈물이 나는,슬픔
실망한,눈물이 나는,슬픔
감사하는,눈물이 나는,슬픔
충격 받은,눈물이 나는,슬픔
눈물이 나는,눈물이 나는,슬픔
눈물이 나는,눈물이 나는,슬픔
눈물이 나는,눈물이 나는,슬픔
후회되는,눈물이 나는,슬픔
눈물이 나는,눈물이 나는,슬픔
혼란스러운,눈물이 나는,슬픔
눈물이 나는,눈물이 나는,슬픔
눈물이 나는,눈물이 나는,슬픔
눈물이 나는,눈물이 나는,슬픔
안달하는,눈물이 나는,슬픔
"가난한, 불우한",눈물이 나는,슬픔
눈물이 나는,눈물이 나는,슬픔
눈물이 나는,눈물이 나는,슬픔
눈물이 나는,눈물이 나는,슬픔
우울한,눈물이 나는,슬픔
배신당한,눈물이 나는,슬픔
눈물이 나는,눈물이 나는,슬픔
상처,눈물이 나는,슬픔
눈물이 나는,눈물이 나는,슬픔
고립된,눈물이 나는,슬픔
버려진,눈물이 나는,슬픔
기쁨,눈물이 나는,슬픔
눈물이 나는,눈물이 나는,슬픔
눈물이 나는,눈물이 나는,슬픔
눈물이 나는,눈물이 나는,슬픔
감사하는,눈물이 나는,슬픔
눈물이 나는,눈물이 나는,슬픔
눈물이 나는,눈물이 나는,슬픔
슬픔,눈물이 나는,슬픔
눈물이 나는,눈물이 나는,슬픔
충격 받은,눈물이 나는,슬픔
눈물이 나는,눈물이 나는,슬픔
외로운,눈물이 나는,슬픔
두려운,눈물이 나는,슬픔
환멸을 느끼는,눈물이 나는,슬픔
눈물이 나는,눈물이 나는,슬픔
눈물이 나는,눈물이 나는,슬픔
눈물이 나는,눈물이 나는,슬픔
눈물이 나는,눈물이 나는,슬픔
만족스러운,느긋,기쁨
염세적인,느긋,기쁨
편안한,느긋,기쁨
자신하는,느긋,기쁨
느긋,느긋,기쁨
느긋,느긋,기쁨
안달하는,느긋,기쁨
흥분,느긋,기쁨
편안한,느긋,기쁨
느긋,느긋,기쁨
기쁨,느긋,기쁨
느긋,느긋,기쁨
느긋,느긋,기쁨
느긋,느긋,기쁨
느긋,느긋,기쁨
안도,느긋,기쁨
스트레스 받는,느긋,기쁨
느긋,느긋,기쁨
느긋,느긋,기쁨
기쁨,느긋,기쁨
안도,느긋,기쁨
신이 난,느긋,기쁨
느긋,느긋,기쁨
느긋,느긋,기쁨
신뢰하는,느긋,기쁨
느긋,느긋,기쁨
느긋,느긋,기쁨
느긋,느긋,기쁨
느긋,느긋,기쁨
신이 난,느긋,기쁨
느긋,느긋,기쁨
짜증내는,느긋,기쁨
느긋,느긋,기쁨
느긋,느긋,기쁨
느긋,느긋,기쁨
느긋,느긋,기쁨
느긋,느긋,기쁨
질투하는,느긋,기쁨
느긋,느긋,기쁨
편안한,느긋,기쁨
느긋,느긋,기쁨
두려운,느긋,기쁨
초조한,느긋,기쁨
느긋,느긋,기쁨
느긋,느긋,기쁨
느긋,느긋,기쁨
느긋,느긋,기쁨
느긋,느긋,기쁨
자신하는,느긋,기쁨
성가신,느긋,기쁨
느긋,느긋,기쁨
느긋,느긋,기쁨
느긋,느긋,기쁨
느긋,느긋,기쁨
안도,느긋,기쁨
느긋,느긋,기쁨
안도,느긋,기쁨
흥분,느긋,기쁨
느긋,느긋,기쁨
느긋,느긋,기쁨
느긋,느긋,기쁨
만족스러운,느긋,기쁨
느긋,느긋,기쁨
기쁨,느긋,기쁨
느긋,느긋,기쁨
느긋,느긋,기쁨
느긋,느긋,기쁨
느긋,느긋,기쁨
안도,느긋,기쁨
편안한,느긋,기쁨
후회되는,느긋,기쁨
취약한,느긋,기쁨
느긋,느긋,기쁨
느긋,느긋,기쁨
느긋,느긋,기쁨
느긋,느긋,기쁨
느긋,느긋,기쁨
느긋,느긋,기쁨
당황,당혹스러운,불안
당황,당혹스러운,불안
혼란스러운,당혹스러운,불안
흥분,당혹스러운,불안
당혹스러운,당혹스러운,불안
좌절한,당혹스러운,불안
당황,당혹스러운,불안
당혹스러운,당혹스러운,불안
당혹스러운,당혹스러운,불안
스트레스 받는,당혹스러운,불안
혼란스러운,당혹스러운,불안
당혹스러운,당혹스러운,불안
당혹스러운,당혹스러운,불안
당혹스러운,당혹스러운,불안
당혹스러운,당혹스러운,불안
당혹스러운,당혹스러운,불안
불안,당혹스러운,불안
당황,당혹스러운,불안
불안,당혹스러운,불안
당혹스러운,당혹스러운,불안
당혹스러운,당혹스러운,불안
혼란스러운,당혹스러운,불안
당혹스러운,당혹스러운,불안
혼란스러운,당혹스러운,불안
당혹스러운,당혹스러운,불안
걱정스러운,당혹스러운,불안
당혹스러운,당혹스러운,불안
당혹스러운,당혹스러운,불안
충격 받은,당혹스러운,불안
당혹스러운,당혹스러운,불안
당혹스러운,당혹스러운,불안
당혹스러운,당혹스러운,불안
당황,당혹스러운,불안
당황,당혹스러운,불안
당혹스러운,당혹스러운,불안
당혹스러운,당혹스러운,불안
당혹스러운,당혹스러운,불안
당혹스러운,당혹스러운,불안
걱정스러운,당혹스러운,불안
걱정스러운,당혹스러운,불안
당혹스러운,당혹스러운,불안
마비된,당혹스러운,불안
당황,당혹스러운,불안
혐오스러운,당혹스러운,불안
당혹스러운,당혹스러운,불안
고립된,당혹스러운,불안
구역질 나는,당혹스러운,불안
당혹스러운,당혹스러운,불안
당혹스러운,당혹스러운,불안
당혹스러운,당혹스러운,불안
당혹스러운,당혹스러운,불안
당혹스러운,당혹스러운,불안
마비된,당혹스러운,불안
당혹스러운,당혹스러운,불안
당황,당혹스러운,불안
악의적인,당혹스러운,불안
당혹스러운,당혹스러운,불안
걱정스러운,당혹스러운,불안
걱정스러운,당혹스러운,불안
당혹스러운,당혹스러운,불안
걱정스러운,당혹스러운,불안
안달하는,당혹스러운,불안
당황,당혹스러운,불안
당혹스러운,당혹스러운,불안
당혹스러운,당혹스러운,불안
당혹스러운,당혹스러운,불안
당혹스러운,당혹스러운,불안
혼란스러운,당혹스러운,불안
혼란스러운,당혹스러운,불안
당혹스러운,당혹스러운,불안
노여워하는,당혹스러운,불안
스트레스 받는,당혹스러운,불안
당혹스러운,당혹스러운,불안
당혹스러운,당혹스러운,불안
당혹스러운,당혹스러운,불안
당혹스러운,당혹스러운,불안
당혹스러운,당혹스러운,불안
당혹스러운,당혹스러운,불안
당혹스러운,당혹스러운,불안
혐오스러운,당혹스러운,불안
당혹스러운,당혹스러운,불안
당혹스러운,당혹스러운,불안
고립된,당혹스러운,불안
당혹스러운,당혹스러운,불안
당혹스러운,당혹스러운,불안
두려운,당혹스러운,불안
혼란스러운,당혹스러운,불안
당혹스러운,당황,당황
당황,당황,당황
당황,당황,당황
당황,당황,당황
당황,당황,당황
혼란스러운,당황,당황
당황,당황,당황
당혹스러운,당황,당황
당황,당황,당황
당황,당황,당황
당혹스러운,당황,당황
당황,당황,당황
당황,당황,당황
당황,당황,당황
혐오스러운,당황,당황
당황,당황,당황
당혹스러운,당황,당황
당황,당황,당황
걱정스러운,당황,당황
당황,당황,당황
당황,당황,당황
열등감,당황,당황
당황,당황,당황
당황,당황,당황
당황,당황,당황
당황,당황,당황
"가난한, 불우한",당황,당황
혐오스러운,당황,당황
당황,당황,당황
슬픔,당황,당황
혼란스러운,당황,당황
당황,당황,당황
당황,당황,당황
혼란스러운,당황,당황
당황,당황,당황
두려운,당황,당황
당황,당황,당황
당황,당황,당황
한심한,당황,당황
당황,당황,당황
혼란스러운,당황,당황
당황,당황,당황
당황,당황,당황
혼란스러운,당황,당황
당혹스러운,당황,당황
당황,당황,당황
버려진,당황,당황
혐오스러운,당황,당황
부끄러운,당황,당황
남의 시선을 의식하는,당황,당황
당황,당황,당황
당황,당황,당황
당황,당황,당황
충격 받은,당황,당황
당혹스러운,당황,당황
혼란스러운,당황,당황
툴툴대는,당황,당황
괴로워하는,당황,당황
당혹스러운,당황,당황
당황,당황,당황
혼란스러운,당황,당황
당혹스러운,당황,당황
죄책감의,당황,당황
당황,당황,당황
당황,당황,당황
당황,당황,당황
당황,당황,당황
혐오스러운,당황,당황
당황,당황,당황
당황,당황,당황
스트레스 받는,당황,당황
당황,당황,당황
당황,당황,당황
충격 받은,당황,당황
당황,당황,당황
두려운,두려운,불안
방어적인,두려운,불안
걱정스러운,두려운,불안
걱정스러운,두려운,불안
두려운,두려운,불안
스트레스 받는,두려운,불안
두려운,두려운,불안
두려운,두려운,불안
조심스러운,두려운,불안
좌절한,두려운,불안
죄책감의,두려운,불안
죄책감의,두려운,불안
신뢰하는,두려운,불안
두려운,두려운,불안
스트레스 받는,두려운,불안
두려운,두려운,불안
초조한,두려운,불안
두려운,두려운,불안
두려운,두려운,불안
두려운,두려운,불안
두려운,두려운,불안
두려운,두려운,불안
희생된,두려운,불안
두려운,두려운,불안
죄책감의,두려운,불안
우울한,두려운,불안
두려운,두려운,불안
두려운,두려운,불안
걱정스러운,두려운,불안
죄책감의,두려운,불안
두려운,두려운,불안
두려운,두려운,불안
걱정스러운,두려운,불안
두려운,두려운,불안
두려운,두려운,불안
걱정스러운,두려운,불안
괴로워하는,두려운,불안
부끄러운,두려운,불안
두려운,두려운,불안
느긋,두려운,불안
두려운,두려운,불안
두려운,두려운,불안
두려운,두려운,불안
두려운,두려운,불안
두려운,두려운,불안
두려운,두려운,불안
걱정스러운,두려운,불안
두려운,두려운,불안
두려운,두려운,불안
걱정스러운,두려운,불안
두려운,두려운,불안
두려운,두려운,불안
방어적인,두려운,불안
두려운,두려운,불안
고립된,두려운,불안
두려운,두려운,불안
두려운,두려운,불안
걱정스러운,두려운,불안
불안,두려운,불안
두려운,두려운,불안
두려운,두려운,불안
두려운,두려운,불안
두려운,두려운,불안
두려운,두려운,불안
두려운,두려운,불안
두려운,두려운,불안
두려운,두려운,불안
두려운,두려운,불안
두려운,두려운,불안
두려운,두려운,불안
두려운,두려운,불안
두려운,두려운,불안
두려운,두려운,불안
두려운,두려운,불안
당혹스러운,두려운,불안
악의적인,두려운,불안
두려운,두려운,불안
두려운,두려운,불안
두려운,두려운,불안
두려운,두려운,불안
두려운,두려운,불안
두려운,두려운,불안
두려운,두려운,불안
두려운,두려운,불안
불안,두려운,불안
두려운,두려운,불안
불안,두려운,불안
두려운,두려운,불안
불안,두려운,불안
죄책감의,두려운,불안
두려운,두려운,불안
당혹스러운,두려운,불안
두려운,두려운,불안
두려운,두려운,불안
마비된,마비된,슬픔
혼란스러운,마비된,슬픔
마비된,마비된,슬픔
마비된,마비된,슬픔
마비된,마비된,슬픔
후회되는,마비된,슬픔
상처,마비된,슬픔
마비된,마비된,슬픔
마비된,마비된,슬픔
걱정스러운,마비된,슬픔
슬픔,마비된,슬픔
혼란스러운,마비된,슬픔
마비된,마비된,슬픔
혐오스러운,마비된,슬픔
마비된,마비된,슬픔
마비된,마비된,슬픔
마비된,마비된,슬픔
낙담한,마비된,슬픔
마비된,마비된,슬픔
마비된,마비된,슬픔
충격 받은,마비된,슬픔
마비된,마비된,슬픔
배신당한,마비된,슬픔
슬픔,마비된,슬픔
마비된,마비된,슬픔
마비된,마비된,슬픔
마비된,마비된,슬픔
충격 받은,마비된,슬픔
툴툴대는,마비된,슬픔
슬픔,마비된,슬픔
마비된,마비된,슬픔
눈물이 나는,마비된,슬픔
낙담한,마비된,슬픔
마비된,마비된,슬픔
슬픔,마비된,슬픔
마비된,마비된,슬픔
툴툴대는,마비된,슬픔
마비된,마비된,슬픔
노여워하는,마비된,슬픔
조심스러운,마비된,슬픔
마비된,마비된,슬픔
괴로워하는,마비된,슬픔
마비된,마비된,슬픔
마비된,마비된,슬픔
마비된,마비된,슬픔
슬픔,마비된,슬픔
마비된,마비된,슬픔
악의적인,마비된,슬픔
짜증내는,마비된,슬픔
슬픔,마비된,슬픔
혼란스러운,마비된,슬픔
마비된,마비된,슬픔
마비된,마비된,슬픔
마비된,마비된,슬픔
마비된,마비된,슬픔
스트레스 받는,마비된,슬픔
충격 받은,마비된,슬픔
두려운,마비된,슬픔
마비된,마비된,슬픔
마비된,마비된,슬픔
슬픔,마비된,슬픔
마비된,마비된,슬픔
마비된,마비된,슬픔
마비된,마비된,슬픔
마비된,마비된,슬픔
슬픔,마비된,슬픔
마비된,마비된,슬픔
충격 받은,마비된,슬픔
비통한,마비된,슬픔
혼란스러운,마비된,슬픔
성가신,마비된,슬픔
혼란스러운,마비된,슬픔
좌절한,마비된,슬픔
"가난한, 불우한",마비된,슬픔
마비된,마비된,슬픔
만족스러운,만족스러운,기쁨
만족스러운,만족스러운,기쁨
만족스러운,만족스러운,기쁨
만족스러운,만족스러운,기쁨
신이 난,만족스러운,기쁨
신이 난,만족스러운,기쁨
만족스러운,만족스러운,기쁨
만족스러운,만족스러운,기쁨
만족스러운,만족스러운,기쁨
만족스러운,만족스러운,기쁨
만족스러운,만족스러운,기쁨
만족스러운,만족스러운,기쁨
신이 난,만족스러운,기쁨
자신하는,만족스러운,기쁨
만족스러운,만족스러운,기쁨
만족스러운,만족스러운,기쁨
만족스러운,만족스러운,기쁨
자신하는,만족스러운,기쁨
만족스러운,만족스러운,기쁨
만족스러운,만족스러운,기쁨
만족스러운,만족스러운,기쁨
자신하는,만족스러운,기쁨
흥분,만족스러운,기쁨
만족스러운,만족스러운,기쁨
자신하는,만족스러운,기쁨
자신하는,만족스러운,기쁨
기쁨,만족스러운,기쁨
만족스러운,만족스러운,기쁨
만족스러운,만족스러운,기쁨
만족스러운,만족스러운,기쁨
자신하는,만족스러운,기쁨
만족스러운,만족스러운,기쁨
느긋,만족스러운,기쁨
기쁨,만족스러운,기쁨
만족스러운,만족스러운,기쁨
만족스러운,만족스러운,기쁨
만족스러운,만족스러운,기쁨
만족스러운,만족스러운,기쁨
만족스러운,만족스러운,기쁨
편안한,만족스러운,기쁨
만족스러운,만족스러운,기쁨
만족스러운,만족스러운,기쁨
안도,만족스러운,기쁨
편안한,만족스러운,기쁨
만족스러운,만족스러운,기쁨
만족스러운,만족스러운,기쁨
만족스러운,만족스러운,기쁨
만족스러운,만족스러운,기쁨
기쁨,만족스러운,기쁨
만족스러운,만족스러운,기쁨
만족스러운,만족스러운,기쁨
만족스러운,만족스러운,기쁨
만족스러운,만족스러운,기쁨
성가신,만족스러운,기쁨
만족스러운,만족스러운,기쁨
느긋,만족스러운,기쁨
만족스러운,만족스러운,기쁨
기쁨,만족스러운,기쁨
기쁨,만족스러운,기쁨
만족스러운,만족스러운,기쁨
만족스러운,만족스러운,기쁨
만족스러운,만족스러운,기쁨
만족스러운,만족스러운,기쁨
신이 난,만족스러운,기쁨
느긋,만족스러운,기쁨
만족스러운,만족스러운,기쁨
만족스러운,만족스러운,기쁨
만족스러운,만족스러운,기쁨
만족스러운,만족스러운,기쁨
편안한,만족스러운,기쁨
만족스러운,만족스러운,기쁨
만족스러운,만족스러운,기쁨
만족스러운,만족스러운,기쁨
만족스러운,만족스러운,기쁨
만족스러운,만족스러운,기쁨
자신하는,만족스러운,기쁨
감사하는,만족스러운,기쁨
만족스러운,만족스러운,기쁨
안도,만족스러운,기쁨
만족스러운,만족스러운,기쁨
만족스러운,만족스러운,기쁨
만족스러운,만족스러운,기쁨
만족스러운,만족스러운,기쁨
만족스러운,만족스러운,기쁨
자신하는,만족스러운,기쁨
방어적인,방어적인,분노
짜증내는,방어적인,분노
방어적인,방어적인,분노
당황,방어적인,분노
방어적인,방어적인,분노
방어적인,방어적인,분노
남의 시선을 의식하는,방어적인,분노
혼란스러운,방어적인,분노
방어적인,방어적인,분노
혼란스러운,방어적인,분노
짜증내는,방어적인,분노
방어적인,방어적인,분노
방어적인,방어적인,분노
두려운,방어적인,분노
방어적인,방어적인,분노
툴툴대는,방어적인,분노
방어적인,방어적인,분노
조심스러운,방어적인,분노
혐오스러운,방어적인,분노
방어적인,방어적인,분노
한심한,방어적인,분노
방어적인,방어적인,분노
후회되는,방어적인,분노
방어적인,방어적인,분노
분노,방어적인,분노
분노,방어적인,분노
방어적인,방어적인,분노
좌절한,방어적인,분노
방어적인,방어적인,분노
분노,방어적인,분노
후회되는,방어적인,분노
고립된,방어적인,분노
한심한,방어적인,분노
방어적인,방어적인,분노
방어적인,방어적인,분노
방어적인,방어적인,분노
방어적인,방어적인,분노
방어적인,방어적인,분노
안달하는,방어적인,분노
방어적인,방어적인,분노
고립된,방어적인,분노
방어적인,방어적인,분노
두려운,방어적인,분노
후회되는,방어적인,분노
방어적인,방어적인,분노
분노,방어적인,분노
방어적인,방어적인,분노
스트레스 받는,방어적인,분노
안달하는,방어적인,분노
걱정스러운,방어적인,분노
툴툴대는,방어적인,분노
분노,방어적인,분노
혼란스러운,방어적인,분노
남의 시선을 의식하는,방어적인,분노
스트레스 받는,방어적인,분노
방어적인,방어적인,분노
분노,방어적인,분노
회의적인,방어적인,분노
방어적인,방어적인,분노
혼란스러운,방어적인,분노
상처,방어적인,분노
방어적인,방어적인,분노
부끄러운,방어적인,분노
회의적인,방어적인,분노
노여워하는,방어적인,분노
방어적인,방어적인,분노
마비된,방어적인,분노
방어적인,방어적인,분노
상처,방어적인,분노
노여워하는,방어적인,분노
짜증내는,방어적인,분노
노여워하는,방어적인,분노
남의 시선을 의식하는,방어적인,분노
괴로워하는,배신당한,상처
배신당한,배신당한,상처
외로운,배신당한,상처
배신당한,배신당한,상처
희생된,배신당한,상처
고립된,배신당한,상처
배신당한,배신당한,상처
당혹스러운,배신당한,상처
충격 받은,배신당한,상처
환멸을 느끼는,배신당한,상처
실망한,배신당한,상처
희생된,배신당한,상처
배신당한,배신당한,상처
상처,배신당한,상처
배신당한,배신당한,상처
배신당한,배신당한,상처
배신당한,배신당한,상처
배신당한,배신당한,상처
배신당한,배신당한,상처
억울한,배신당한,상처
배신당한,배신당한,상처
툴툴대는,배신당한,상처
상처,배신당한,상처
실망한,배신당한,상처
악의적인,배신당한,상처
초조한,배신당한,상처
배신당한,배신당한,상처
짜증내는,배신당한,상처
배신당한,배신당한,상처
배신당한,배신당한,상처
배신당한,배신당한,상처
실망한,배신당한,상처
배신당한,배신당한,상처
상처,배신당한,상처
혼란스러운,배신당한,상처
배신당한,배신당한,상처
배신당한,배신당한,상처
배신당한,배신당한,상처
배신당한,배신당한,상처
배신당한,배신당한,상처
후회되는,배신당한,상처
배신당한,배신당한,상처
노여워하는,배신당한,상처
구역질 나는,배신당한,상처
안달하는,배신당한,상처
배신당한,배신당한,상처
배신당한,배신당한,상처
배신당한,배신당한,상처
희생된,배신당한,상처
배신당한,배신당한,상처
배신당한,배신당한,상처
배신당한,배신당한,상처
실망한,배신당한,상처
당황,배신당한,상처
배신당한,배신당한,상처
배신당한,배신당한,상처
배신당한,배신당한,상처
배신당한,배신당한,상처
배신당한,배신당한,상처
상처,배신당한,상처
배신당한,배신당한,상처
배신당한,배신당한,상처
배신당한,배신당한,상처
배신당한,배신당한,상처
상처,배신당한,상처
악의적인,배신당한,상처
배신당한,배신당한,상처
충격 받은,배신당한,상처
배신당한,배신당한,상처
배신당한,배신당한,상처
배신당한,배신당한,상처
눈물이 나는,배신당한,상처
환멸을 느끼는,배신당한,상처
버려진,버려진,상처
버려진,버려진,상처
희생된,버려진,상처
상처,버려진,상처
버려진,버려진,상처
방어적인,버려진,상처
염세적인,버려진,상처
버려진,버려진,상처
고립된,버려진,상처
버려진,버려진,상처
버려진,버려진,상처
버려진,버려진,상처
버려진,버려진,상처
걱정스러운,버려진,상처
고립된,버려진,상처
버려진,버려진,상처
낙담한,버려진,상처
희생된,버려진,상처
좌절한,버려진,상처
외로운,버려진,상처
버려진,버려진,상처
버려진,버려진,상처
외로운,버려진,상처
버려진,버려진,상처
버려진,버려진,상처
배신당한,버려진,상처
상처,버려진,상처
악의적인,버려진,상처
슬픔,버려진,상처
상처,버려진,상처
슬픔,버려진,상처
스트레스 받는,버려진,상처
노여워하는,버려진,상처
버려진,버려진,상처
버려진,버려진,상처
충격 받은,버려진,상처
고립된,버려진,상처
버려진,버려진,상처
악의적인,버려진,상처
낙담한,버려진,상처
버려진,버려진,상처
혐오스러운,버려진,상처
외로운,버려진,상처
버려진,버려진,상처
외로운,버려진,상처
버려진,버려진,상처
버려진,버려진,상처
버려진,버려진,상처
혼란스러운,버려진,상처
상처,버려진,상처
버려진,버려진,상처
버려진,버려진,상처
버려진,버려진,상처
버려진,버려진,상처
당혹스러운,버려진,상처
고립된,버려진,상처
버려진,버려진,상처
버려진,버려진,상처
버려진,버려진,상처
버려진,버려진,상처
버려진,버려진,상처
버려진,버려진,상처
외로운,버려진,상처
구역질 나는,버려진,상처
고립된,버려진,상처
상처,버려진,상처
괴로워하는,버려진,상처
괴로워하는,버려진,상처
버려진,버려진,상처
희생된,버려진,상처
부끄러운,부끄러운,당황
부끄러운,부끄러운,당황
부끄러운,부끄러운,당황
눈물이 나는,부끄러운,당황
부끄러운,부끄러운,당황
남의 시선을 의식하는,부끄러운,당황
부끄러운,부끄러운,당황
부끄러운,부끄러운,당황
우울한,부끄러운,당황
부끄러운,부끄러운,당황
자신하는,부끄러운,당황
부끄러운,부끄러운,당황
부끄러운,부끄러운,당황
마비된,부끄러운,당황
부끄러운,부끄러운,당황
부끄러운,부끄러운,당황
부끄러운,부끄러운,당황
부끄러운,부끄러운,당황
부끄러운,부끄러운,당황
두려운,부끄러운,당황
부끄러운,부끄러운,당황
죄책감의,부끄러운,당황
부끄러운,부끄러운,당황
"가난한, 불우한",부끄러운,당황
부끄러운,부끄러운,당황
부끄러운,부끄러운,당황
부끄러운,부끄러운,당황
부끄러운,부끄러운,당황
부끄러운,부끄러운,당황
부끄러운,부끄러운,당황
부끄러운,부끄러운,당황
부끄러운,부끄러운,당황
부끄러운,부끄러운,당황
부끄러운,부끄러운,당황
부끄러운,부끄러운,당황
부끄러운,부끄러운,당황
부끄러운,부끄러운,당황
부끄러운,부끄러운,당황
부끄러운,부끄러운,당황
방어적인,부끄러운,당황
느긋,부끄러운,당황
부끄러운,부끄러운,당황
부끄러운,부끄러운,당황
부끄러운,부끄러운,당황
부끄러운,부끄러운,당황
부끄러운,부끄러운,당황
남의 시선을 의식하는,부끄러운,당황
부끄러운,부끄러운,당황
부끄러운,부끄러운,당황
당혹스러운,부끄러운,당황
부끄러운,부끄러운,당황
부끄러운,부끄러운,당황
부끄러운,부끄러운,당황
부끄러운,부끄러운,당황
혐오스러운,부끄러운,당황
남의 시선을 의식하는,부끄러운,당황
부끄러운,부끄러운,당황
열등감,부끄러운,당황
부끄러운,부끄러운,당황
남의 시선을 의식하는,부끄러운,당황
부끄러운,부끄러운,당황
부끄러운,부끄러운,당황
부끄러운,부끄러운,당황
부끄러운,부끄러운,당황
부끄러운,부끄러운,당황
부끄러운,부끄러운,당황
부끄러운,부끄러운,당황
부끄러운,부끄러운,당황
부끄러운,부끄러운,당황
부끄러운,부끄러운,당황
부끄러운,부끄러운,당황
부끄러운,부끄러운,당황
부끄러운,부끄러운,당황
고립된,부끄러운,당황
회의적인,부끄러운,당황
부끄러운,부끄러운,당황
부끄러운,부끄러운,당황
부끄러운,부끄러운,당황
부끄러운,부끄러운,당황
조심스러운,부끄러운,당황
부끄러운,부끄러운,당황
분노,분노,분노
스트레스 받는,분노,분노
분노,분노,분노
혼란스러운,분노,분노
분노,분노,분노
혐오스러운,분노,분노
분노,분노,분노
노여워하는,분노,분노
분노,분노,분노
노여워하는,분노,분노
분노,분노,분노
상처,분노,분노
고립된,분노,분노
노여워하는,분노,분노
툴툴대는,분노,분노
분노,분노,분노
남의 시선을 의식하는,분노,분노
분노,분노,분노
분노,분노,분노
노여워하는,분노,분노
분노,분노,분노
우울한,분노,분노
분노,분노,분노
노여워하는,분노,분노
노여워하는,분노,분노
충격 받은,분노,분노
성가신,분노,분노
분노,분노,분노
노여워하는,분노,분노
분노,분노,분노
노여워하는,분노,분노
악의적인,분노,분노
노여워하는,분노,분노
우울한,분노,분노
구역질 나는,분노,분노
혐오스러운,분노,분노
노여워하는,분노,분노
좌절한,분노,분노
노여워하는,분노,분노
분노,분노,분노
노여워하는,분노,분노
분노,분노,분노
분노,분노,분노
악의적인,분노,분노
분노,분노,분노
분노,분노,분노
분노,분노,분노
흥분,분노,분노
악의적인,분노,분노
분노,분노,분노
당혹스러운,분노,분노
노여워하는,분노,분노
분노,분노,분노
분노,분노,분노
혐오스러운,분노,분노
분노,분노,분노
분노,분노,분노
노여워하는,분노,분노
슬픔,분노,분노
노여워하는,분노,분노
분노,분노,분노
분노,분노,분노
노여워하는,분노,분노
노여워하는,분노,분노
악의적인,분노,분노
툴툴대는,분노,분노
분노,분노,분노
분노,분노,분노
상처,분노,분노
악의적인,분노,분노
툴툴대는,분노,분노
분노,분노,분노
희생된,분노,분노
분노,분노,분노
고립된,분노,분노
두려운,분노,분노
분노,분노,분노
분노,분노,분노
툴툴대는,분노,분노
분노,분노,분노
분노,분노,분노
구역질 나는,분노,분노
비통한,분노,분노
노여워하는,분노,분노
질투하는,분노,분노
노여워하는,분노,분노
초조한,불안,불안
회의적인,불안,불안
회의적인,불안,불안
걱정스러운,불안,불안
불안,불안,불안
불안,불안,불안
걱정스러운,불안,불안
불안,불안,불안
불안,불안,불안
걱정스러운,불안,불안
괴로워하는,불안,불안
툴툴대는,불안,불안
불안,불안,불안
불안,불안,불안
초조한,불안,불안
회의적인,불안,불안
걱정스러운,불안,불안
불안,불안,불안
불안,불안,불안
안달하는,불안,불안
불안,불안,불안
불안,불안,불안
불안,불안,불안
고립된,불안,불안
불안,불안,불안
불안,불안,불안
불안,불안,불안
상처,불안,불안
불안,불안,불안
불안,불안,불안
두려운,불안,불안
조심스러운,불안,불안
불안,불안,불안
불안,불안,불안
우울한,불안,불안
불안,불안,불안
불안,불안,불안
불안,불안,불안
불안,불안,불안
불안,불안,불안
불안,불안,불안
걱정스러운,불안,불안
불안,불안,불안
불안,불안,불안
불안,불안,불안
불안,불안,불안
초조한,불안,불안
불안,불안,불안
불안,불안,불안
두려운,불안,불안
걱정스러운,불안,불안
초조한,불안,불안
초조한,불안,불안
조심스러운,불안,불안
불안,불안,불안
불안,불안,불안
조심스러운,불안,불안
회의적인,불안,불안
초조한,불안,불안
불안,불안,불안
두려운,불안,불안
불안,불안,불안
혼란스러운,불안,불안
두려운,불안,불안
걱정스러운,불안,불안
불안,불안,불안
불안,불안,불안
불안,불안,불안
걱정스러운,불안,불안
불안,불안,불안
불안,불안,불안
불안,불안,불안
취약한,불안,불안
불안,불안,불안
불안,불안,불안
불안,불안,불안
초조한,불안,불안
불안,불안,불안
취약한,불안,불안
불안,불안,불안
불안,불안,불안
취약한,불안,불안
불안,불안,불안
불안,불안,불안
걱정스러운,불안,불안
"가난한, 불우한",불안,불안
걱정스러운,불안,불안
불안,불안,불안
걱정스러운,불안,불안
걱정스러운,불안,불안
불안,불안,불안
불안,불안,불안
두려운,불안,불안
초조한,불안,불안
걱정스러운,불안,불안
불안,불안,불안
불안,불안,불안
슬픔,비통한,슬픔
비통한,비통한,슬픔
염세적인,비통한,슬픔
슬픔,비통한,슬픔
비통한,비통한,슬픔
비통한,비통한,슬픔
슬픔,비통한,슬픔
희생된,비통한,슬픔
비통한,비통한,슬픔
비통한,비통한,슬픔
툴툴대는,비통한,슬픔
눈물이 나는,비통한,슬픔
비통한,비통한,슬픔
버려진,비통한,슬픔
비통한,비통한,슬픔
열등감,비통한,슬픔
걱정스러운,비통한,슬픔
비통한,비통한,슬픔
비통한,비통한,슬픔
실망한,비통한,슬픔
비통한,비통한,슬픔
낙담한,비통한,슬픔
비통한,비통한,슬픔
열등감,비통한,슬픔
성가신,비통한,슬픔
비통한,비통한,슬픔
억울한,비통한,슬픔
비통한,비통한,슬픔
환멸을 느끼는,비통한,슬픔
비통한,비통한,슬픔
비통한,비통한,슬픔
우울한,비통한,슬픔
눈물이 나는,비통한,슬픔
비통한,비통한,슬픔
눈물이 나는,비통한,슬픔
슬픔,비통한,슬픔
한심한,비통한,슬픔
고립된,비통한,슬픔
슬픔,비통한,슬픔
슬픔,비통한,슬픔
희생된,비통한,슬픔
우울한,비통한,슬픔
비통한,비통한,슬픔
낙담한,비통한,슬픔
비통한,비통한,슬픔
비통한,비통한,슬픔
눈물이 나는,비통한,슬픔
비통한,비통한,슬픔
비통한,비통한,슬픔
눈물이 나는,비통한,슬픔
비통한,비통한,슬픔
당황,비통한,슬픔
낙담한,비통한,슬픔
억울한,비통한,슬픔
"가난한, 불우한",비통한,슬픔
질투하는,비통한,슬픔
우울한,비통한,슬픔
낙담한,비통한,슬픔
비통한,비통한,슬픔
비통한,비통한,슬픔
좌절한,비통한,슬픔
마비된,비통한,슬픔
걱정스러운,비통한,슬픔
비통한,비통한,슬픔
환멸을 느끼는,비통한,슬픔
낙담한,비통한,슬픔
슬픔,비통한,슬픔
비통한,비통한,슬픔
비통한,비통한,슬픔
비통한,비통한,슬픔
환멸을 느끼는,비통한,슬픔
배신당한,상처,상처
신뢰하는,상처,상처
외로운,상처,상처
슬픔,상처,상처
상처,상처,상처
안달하는,상처,상처
상처,상처,상처
억울한,상처,상처
상처,상처,상처
"가난한, 불우한",상처,상처
상처,상처,상처
버려진,상처,상처
상처,상처,상처
상처,상처,상처
버려진,상처,상처
희생된,상처,상처
상처,상처,상처
상처,상처,상처
죄책감의,상처,상처
상처,상처,상처
상처,상처,상처
충격 받은,상처,상처
상처,상처,상처
슬픔,상처,상처
상처,상처,상처
상처,상처,상처
상처,상처,상처
툴툴대는,상처,상처
걱정스러운,상처,상처
희생된,상처,상처
상처,상처,상처
질투하는,상처,상처
방어적인,상처,상처
상처,상처,상처
충격 받은,상처,상처
버려진,상처,상처
상처,상처,상처
괴로워하는,상처,상처
억울한,상처,상처
희생된,상처,상처
혼란스러운,상처,상처
배신당한,상처,상처
상처,상처,상처
열등감,상처,상처
상처,상처,상처
방어적인,상처,상처
"가난한, 불우한",상처,상처
상처,상처,상처
상처,상처,상처
상처,상처,상처
질투하는,상처,상처
상처,상처,상처
배신당한,상처,상처
비통한,상처,상처
상처,상처,상처
회의적인,상처,상처
상처,상처,상처
방어적인,상처,상처
고립된,상처,상처
상처,상처,상처
상처,상처,상처
고립된,상처,상처
희생된,상처,상처
마비된,상처,상처
눈물이 나는,상처,상처
고립된,상처,상처
악의적인,상처,상처
상처,상처,상처
상처,상처,상처
상처,상처,상처
충격 받은,상처,상처
상처,상처,상처
상처,상처,상처
상처,상처,상처
상처,상처,상처
상처,상처,상처
상처,상처,상처
슬픔,상처,상처
고립된,상처,상처
고립된,상처,상처
"가난한, 불우한",상처,상처
억울한,상처,상처
혼란스러운,상처,상처
짜증내는,상처,상처
희생된,상처,상처
눈물이 나는,상처,상처
상처,상처,상처
고립된,상처,상처
상처,상처,상처
버려진,상처,상처
괴로워하는,상처,상처
상처,상처,상처
조심스러운,상처,상처
상처,상처,상처
낙담한,상처,상처
성가신,성가신,분노
편안한,성가신,분노
성가신,성가신,분노
성가신,성가신,분노
조심스러운,성가신,분노
상처,성가신,분노
성가신,성가신,분노
성가신,성가신,분노
성가신,성가신,분노
성가신,성가신,분노
성가신,성가신,분노
염세적인,성가신,분노
성가신,성가신,분노
성가신,성가신,분노
성가신,성가신,분노
남의 시선을 의식하는,성가신,분노
성가신,성가신,분노
성가신,성가신,분노
취약한,성가신,분노
스트레스 받는,성가신,분노
염세적인,성가신,분노
성가신,성가신,분노
성가신,성가신,분노
성가신,성가신,분노
성가신,성가신,분노
툴툴대는,성가신,분노
성가신,성가신,분노
성가신,성가신,분노
성가신,성가신,분노
열등감,성가신,분노
성가신,성가신,분노
성가신,성가신,분노
환멸을 느끼는,성가신,분노
성가신,성가신,분노
성가신,성가신,분노
성가신,성가신,분노
성가신,성가신,분노
상처,성가신,분노
성가신,성가신,분노
질투하는,성가신,분노
성가신,성가신,분노
성가신,성가신,분노
성가신,성가신,분노
성가신,성가신,분노
성가신,성가신,분노
성가신,성가신,분노
성가신,성가신,분노
성가신,성가신,분노
혼란스러운,성가신,분노
성가신,성가신,분노
성가신,성가신,분노
성가신,성가신,분노
성가신,성가신,분노
성가신,성가신,분노
성가신,성가신,분노
성가신,성가신,분노
성가신,성가신,분노
짜증내는,성가신,분노
성가신,성가신,분노
성가신,성가신,분노
성가신,성가신,분노
성가신,성가신,분노
성가신,성가신,분노
성가신,성가신,분노
성가신,성가신,분노
성가신,성가신,분노
성가신,성가신,분노
성가신,성가신,분노
성가신,성가신,분노
성가신,성가신,분노
성가신,성가신,분노
툴툴대는,성가신,분노
짜증내는,성가신,분노
성가신,성가신,분노
부끄러운,성가신,분노
회의적인,성가신,분노
성가신,성가신,분노
성가신,성가신,분노
성가신,성가신,분노
성가신,성가신,분노
짜증내는,성가신,분노
툴툴대는,성가신,분노
고립된,성가신,분노
스트레스 받는,스트레스 받는,불안
스트레스 받는,스트레스 받는,불안
스트레스 받는,스트레스 받는,불안
실망한,스트레스 받는,불안
스트레스 받는,스트레스 받는,불안
스트레스 받는,스트레스 받는,불안
분노,스트레스 받는,불안
환멸을 느끼는,스트레스 받는,불안
스트레스 받는,스트레스 받는,불안
후회되는,스트레스 받는,불안
두려운,스트레스 받는,불안
스트레스 받는,스트레스 받는,불안
불안,스트레스 받는,불안
스트레스 받는,스트레스 받는,불안
괴로워하는,스트레스 받는,불안
스트레스 받는,스트레스 받는,불안
스트레스 받는,스트레스 받는,불안
초조한,스트레스 받는,불안
스트레스 받는,스트레스 받는,불안
회의적인,스트레스 받는,불안
스트레스 받는,스트레스 받는,불안
스트레스 받는,스트레스 받는,불안
스트레스 받는,스트레스 받는,불안
당혹스러운,스트레스 받는,불안
스트레스 받는,스트레스 받는,불안
툴툴대는,스트레스 받는,불안
방어적인,스트레스 받는,불안
툴툴대는,스트레스 받는,불안
스트레스 받는,스트레스 받는,불안
취약한,스트레스 받는,불안
스트레스 받는,스트레스 받는,불안
짜증내는,스트레스 받는,불안
스트레스 받는,스트레스 받는,불안
좌절한,스트레스 받는,불안
편안한,스트레스 받는,불안
스트레스 받는,스트레스 받는,불안
스트레스 받는,스트레스 받는,불안
스트레스 받는,스트레스 받는,불안
악의적인,스트레스 받는,불안
스트레스 받는,스트레스 받는,불안
스트레스 받는,스트레스 받는,불안
스트레스 받는,스트레스 받는,불안
스트레스 받는,스트레스 받는,불안
툴툴대는,스트레스 받는,불안
스트레스 받는,스트레스 받는,불안
스트레스 받는,스트레스 받는,불안
스트레스 받는,스트레스 받는,불안
스트레스 받는,스트레스 받는,불안
스트레스 받는,스트레스 받는,불안
스트레스 받는,스트레스 받는,불안
만족스러운,스트레스 받는,불안
스트레스 받는,스트레스 받는,불안
스트레스 받는,스트레스 받는,불안
불안,스트레스 받는,불안
스트레스 받는,스트레스 받는,불안
스트레스 받는,스트레스 받는,불안
스트레스 받는,스트레스 받는,불안
스트레스 받는,스트레스 받는,불안
스트레스 받는,스트레스 받는,불안
스트레스 받는,스트레스 받는,불안
스트레스 받는,스트레스 받는,불안
스트레스 받는,스트레스 받는,불안
열등감,스트레스 받는,불안
고립된,스트레스 받는,불안
스트레스 받는,스트레스 받는,불안
방어적인,스트레스 받는,불안
취약한,스트레스 받는,불안
스트레스 받는,스트레스 받는,불안
혼란스러운,스트레스 받는,불안
스트레스 받는,스트레스 받는,불안
초조한,스트레스 받는,불안
슬픔,스트레스 받는,불안
스트레스 받는,스트레스 받는,불안
스트레스 받는,스트레스 받는,불안
취약한,스트레스 받는,불안
두려운,스트레스 받는,불안
스트레스 받는,스트레스 받는,불안
성가신,스트레스 받는,불안
악의적인,스트레스 받는,불안
스트레스 받는,스트레스 받는,불안
짜증내는,스트레스 받는,불안
스트레스 받는,스트레스 받는,불안
성가신,스트레스 받는,불안
분노,스트레스 받는,불안
혼란스러운,스트레스 받는,불안
스트레스 받는,스트레스 받는,불안
악의적인,스트레스 받는,불안
스트레스 받는,스트레스 받는,불안
스트레스 받는,스트레스 받는,불안
스트레스 받는,스트레스 받는,불안
스트레스 받는,스트레스 받는,불안
스트레스 받는,스트레스 받는,불안
스트레스 받는,스트레스 받는,불안
스트레스 받는,스트레스 받는,불안
마비된,스트레스 받는,불안
스트레스 받는,스트레스 받는,불안
스트레스 받는,스트레스 받는,불안
두려운,스트레스 받는,불안
스트레스 받는,스트레스 받는,불안
스트레스 받는,스트레스 받는,불안
불안,스트레스 받는,불안
스트레스 받는,스트레스 받는,불안
스트레스 받는,스트레스 받는,불안
짜증내는,스트레스 받는,불안
안도,스트레스 받는,불안
조심스러운,스트레스 받는,불안
마비된,스트레스 받는,불안
스트레스 받는,스트레스 받는,불안
비통한,슬픔,슬픔
낙담한,슬픔,슬픔
슬픔,슬픔,슬픔
슬픔,슬픔,슬픔
슬픔,슬픔,슬픔
슬픔,슬픔,슬픔
고립된,슬픔,슬픔
비통한,슬픔,슬픔
슬픔,슬픔,슬픔
외로운,슬픔,슬픔
슬픔,슬픔,슬픔
슬픔,슬픔,슬픔
슬픔,슬픔,슬픔
슬픔,슬픔,슬픔
우울한,슬픔,슬픔
낙담한,슬픔,슬픔
걱정스러운,슬픔,슬픔
슬픔,슬픔,슬픔
버려진,슬픔,슬픔
고립된,슬픔,슬픔
염세적인,슬픔,슬픔
염세적인,슬픔,슬픔
우울한,슬픔,슬픔
우울한,슬픔,슬픔
외로운,슬픔,슬픔
눈물이 나는,슬픔,슬픔
신뢰하는,슬픔,슬픔
낙담한,슬픔,슬픔
슬픔,슬픔,슬픔
슬픔,슬픔,슬픔
좌절한,슬픔,슬픔
슬픔,슬픔,슬픔
슬픔,슬픔,슬픔
버려진,슬픔,슬픔
환멸을 느끼는,슬픔,슬픔
신뢰하는,슬픔,슬픔
슬픔,슬픔,슬픔
슬픔,슬픔,슬픔
걱정스러운,슬픔,슬픔
눈물이 나는,슬픔,슬픔
후회되는,슬픔,슬픔
눈물이 나는,슬픔,슬픔
낙담한,슬픔,슬픔
슬픔,슬픔,슬픔
슬픔,슬픔,슬픔
좌절한,슬픔,슬픔
상처,슬픔,슬픔
슬픔,슬픔,슬픔
슬픔,슬픔,슬픔
편안한,슬픔,슬픔
슬픔,슬픔,슬픔
우울한,슬픔,슬픔
비통한,슬픔,슬픔
비통한,슬픔,슬픔
슬픔,슬픔,슬픔
슬픔,슬픔,슬픔
비통한,슬픔,슬픔
툴툴대는,슬픔,슬픔
죄책감의,슬픔,슬픔
비통한,슬픔,슬픔
우울한,슬픔,슬픔
눈물이 나는,슬픔,슬픔
신뢰하는,슬픔,슬픔
슬픔,슬픔,슬픔
두려운,슬픔,슬픔
고립된,슬픔,슬픔
슬픔,슬픔,슬픔
열등감,슬픔,슬픔
슬픔,슬픔,슬픔
비통한,슬픔,슬픔
슬픔,슬픔,슬픔
염세적인,슬픔,슬픔
비통한,슬픔,슬픔
슬픔,슬픔,슬픔
좌절한,슬픔,슬픔
비통한,슬픔,슬픔
혼란스러운,슬픔,슬픔
슬픔,슬픔,슬픔
눈물이 나는,슬픔,슬픔
염세적인,슬픔,슬픔
낙담한,슬픔,슬픔
낙담한,슬픔,슬픔
외로운,슬픔,슬픔
우울한,슬픔,슬픔
분노,슬픔,슬픔
슬픔,슬픔,슬픔
신뢰하는,신뢰하는,기쁨
신뢰하는,신뢰하는,기쁨
신뢰하는,신뢰하는,기쁨
신뢰하는,신뢰하는,기쁨
초조한,신뢰하는,기쁨
자신하는,신뢰하는,기쁨
신뢰하는,신뢰하는,기쁨
신뢰하는,신뢰하는,기쁨
신뢰하는,신뢰하는,기쁨
신뢰하는,신뢰하는,기쁨
신뢰하는,신뢰하는,기쁨
신뢰하는,신뢰하는,기쁨
신뢰하는,신뢰하는,기쁨
신뢰하는,신뢰하는,기쁨
신뢰하는,신뢰하는,기쁨
신뢰하는,신뢰하는,기쁨
편안한,신뢰하는,기쁨
기쁨,신뢰하는,기쁨
신뢰하는,신뢰하는,기쁨
신뢰하는,신뢰하는,기쁨
자신하는,신뢰하는,기쁨
감사하는,신뢰하는,기쁨
편안한,신뢰하는,기쁨
신뢰하는,신뢰하는,기쁨
자신하는,신뢰하는,기쁨
신뢰하는,신뢰하는,기쁨
감사하는,신뢰하는,기쁨
신뢰하는,신뢰하는,기쁨
안도,신뢰하는,기쁨
신뢰하는,신뢰하는,기쁨
걱정스러운,신뢰하는,기쁨
조심스러운,신뢰하는,기쁨
신뢰하는,신뢰하는,기쁨
만족스러운,신뢰하는,기쁨
느긋,신뢰하는,기쁨
신뢰하는,신뢰하는,기쁨
자신하는,신뢰하는,기쁨
자신하는,신뢰하는,기쁨
신뢰하는,신뢰하는,기쁨
신뢰하는,신뢰하는,기쁨
만족스러운,신뢰하는,기쁨
자신하는,신뢰하는,기쁨
신뢰하는,신뢰하는,기쁨
신뢰하는,신뢰하는,기쁨
신뢰하는,신뢰하는,기쁨
신뢰하는,신뢰하는,기쁨
신뢰하는,신뢰하는,기쁨
신뢰하는,신뢰하는,기쁨
신뢰하는,신뢰하는,기쁨
신뢰하는,신뢰하는,기쁨
느긋,신뢰하는,기쁨
신뢰하는,신뢰하는,기쁨
신뢰하는,신뢰하는,기쁨
편안한,신뢰하는,기쁨
신뢰하는,신뢰하는,기쁨
신뢰하는,신뢰하는,기쁨
감사하는,신뢰하는,기쁨
신뢰하는,신뢰하는,기쁨
신뢰하는,신뢰하는,기쁨
신이 난,신뢰하는,기쁨
신뢰하는,신뢰하는,기쁨
신이 난,신뢰하는,기쁨
감사하는,신뢰하는,기쁨
신뢰하는,신뢰하는,기쁨
신뢰하는,신뢰하는,기쁨
신뢰하는,신뢰하는,기쁨
감사하는,신뢰하는,기쁨
신뢰하는,신뢰하는,기쁨
신뢰하는,신뢰하는,기쁨
신뢰하는,신뢰하는,기쁨
신뢰하는,신뢰하는,기쁨
신뢰하는,신뢰하는,기쁨
신뢰하는,신뢰하는,기쁨
신뢰하는,신뢰하는,기쁨
자신하는,신뢰하는,기쁨
신뢰하는,신뢰하는,기쁨
신뢰하는,신뢰하는,기쁨
실망한,신뢰하는,기쁨
신뢰하는,신뢰하는,기쁨
신뢰하는,신뢰하는,기쁨
신뢰하는,신뢰하는,기쁨
기쁨,신이 난,기쁨
신뢰하는,신이 난,기쁨
기쁨,신이 난,기쁨
기쁨,신이 난,기쁨
신이 난,신이 난,기쁨
기쁨,신이 난,기쁨
신이 난,신이 난,기쁨
신이 난,신이 난,기쁨
신이 난,신이 난,기쁨
신이 난,신이 난,기쁨
신이 난,신이 난,기쁨
기쁨,신이 난,기쁨
신이 난,신이 난,기쁨
흥분,신이 난,기쁨
신이 난,신이 난,기쁨
기쁨,신이 난,기쁨
혼란스러운,신이 난,기쁨
신이 난,신이 난,기쁨
신뢰하는,신이 난,기쁨
신이 난,신이 난,기쁨
기쁨,신이 난,기쁨
신이 난,신이 난,기쁨
신이 난,신이 난,기쁨
당황,신이 난,기쁨
기쁨,신이 난,기쁨
만족스러운,신이 난,기쁨
흥분,신이 난,기쁨
감사하는,신이 난,기쁨
만족스러운,신이 난,기쁨
신이 난,신이 난,기쁨
신이 난,신이 난,기쁨
신이 난,신이 난,기쁨
신이 난,신이 난,기쁨
신이 난,신이 난,기쁨
신이 난,신이 난,기쁨
기쁨,신이 난,기쁨
분노,신이 난,기쁨
기쁨,신이 난,기쁨
기쁨,신이 난,기쁨
신이 난,신이 난,기쁨
기쁨,신이 난,기쁨
흥분,신이 난,기쁨
신이 난,신이 난,기쁨
기쁨,신이 난,기쁨
편안한,신이 난,기쁨
버려진,신이 난,기쁨
신이 난,신이 난,기쁨
기쁨,신이 난,기쁨
기쁨,신이 난,기쁨
편안한,신이 난,기쁨
신이 난,신이 난,기쁨
기쁨,신이 난,기쁨
만족스러운,신이 난,기쁨
기쁨,신이 난,기쁨
기쁨,신이 난,기쁨
감사하는,신이 난,기쁨
신이 난,신이 난,기쁨
편안한,신이 난,기쁨
기쁨,신이 난,기쁨
기쁨,신이 난,기쁨
신이 난,신이 난,기쁨
신이 난,신이 난,기쁨
느긋,신이 난,기쁨
신이 난,신이 난,기쁨
흥분,신이 난,기쁨
신이 난,신이 난,기쁨
흥분,신이 난,기쁨
기쁨,신이 난,기쁨
신이 난,신이 난,기쁨
신이 난,신이 난,기쁨
신이 난,신이 난,기쁨
안도,신이 난,기쁨
흥분,신이 난,기쁨
신이 난,신이 난,기쁨
분노,신이 난,기쁨
자신하는,신이 난,기쁨
기쁨,신이 난,기쁨
신이 난,신이 난,기쁨
신이 난,신이 난,기쁨
신이 난,신이 난,기쁨
신이 난,신이 난,기쁨
신이 난,신이 난,기쁨
신이 난,신이 난,기쁨
기쁨,신이 난,기쁨
신이 난,신이 난,기쁨
신이 난,신이 난,기쁨
신이 난,신이 난,기쁨
신이 난,신이 난,기쁨
안달하는,신이 난,기쁨
흥분,신이 난,기쁨
방어적인,신이 난,기쁨
구역질 나는,실망한,슬픔
취약한,실망한,슬픔
실망한,실망한,슬픔
툴툴대는,실망한,슬픔
실망한,실망한,슬픔
실망한,실망한,슬픔
낙담한,실망한,슬픔
실망한,실망한,슬픔
실망한,실망한,슬픔
실망한,실망한,슬픔
실망한,실망한,슬픔
질투하는,실망한,슬픔
실망한,실망한,슬픔
우울한,실망한,슬픔
실망한,실망한,슬픔
실망한,실망한,슬픔
고립된,실망한,슬픔
우울한,실망한,슬픔
실망한,실망한,슬픔
실망한,실망한,슬픔
실망한,실망한,슬픔
마비된,실망한,슬픔
실망한,실망한,슬픔
낙담한,실망한,슬픔
실망한,실망한,슬픔
실망한,실망한,슬픔
낙담한,실망한,슬픔
슬픔,실망한,슬픔
실망한,실망한,슬픔
상처,실망한,슬픔
환멸을 느끼는,실망한,슬픔
실망한,실망한,슬픔
실망한,실망한,슬픔
두려운,실망한,슬픔
좌절한,실망한,슬픔
실망한,실망한,슬픔
조심스러운,실망한,슬픔
실망한,실망한,슬픔
실망한,실망한,슬픔
실망한,실망한,슬픔
실망한,실망한,슬픔
환멸을 느끼는,실망한,슬픔
실망한,실망한,슬픔
실망한,실망한,슬픔
상처,실망한,슬픔
스트레스 받는,실망한,슬픔
실망한,실망한,슬픔
괴로워하는,실망한,슬픔
슬픔,실망한,슬픔
실망한,실망한,슬픔
실망한,실망한,슬픔
악의적인,실망한,슬픔
실망한,실망한,슬픔
실망한,실망한,슬픔
실망한,실망한,슬픔
배신당한,실망한,슬픔
실망한,실망한,슬픔
실망한,실망한,슬픔
눈물이 나는,실망한,슬픔
실망한,실망한,슬픔
실망한,실망한,슬픔
버려진,실망한,슬픔
감사하는,실망한,슬픔
실망한,실망한,슬픔
분노,실망한,슬픔
실망한,실망한,슬픔
실망한,실망한,슬픔
신뢰하는,실망한,슬픔
짜증내는,실망한,슬픔
실망한,실망한,슬픔
실망한,실망한,슬픔
툴툴대는,실망한,슬픔
낙담한,실망한,슬픔
실망한,실망한,슬픔
실망한,실망한,슬픔
실망한,실망한,슬픔
실망한,실망한,슬픔
당황,실망한,슬픔
실망한,실망한,슬픔
실망한,실망한,슬픔
실망한,실망한,슬픔
낙담한,실망한,슬픔
실망한,실망한,슬픔
실망한,실망한,슬픔
실망한,실망한,슬픔
실망한,실망한,슬픔
실망한,실망한,슬픔
실망한,실망한,슬픔
툴툴대는,실망한,슬픔
실망한,실망한,슬픔
열등감,악의적인,분노
악의적인,악의적인,분노
후회되는,악의적인,분노
악의적인,악의적인,분노
조심스러운,악의적인,분노
구역질 나는,악의적인,분노
분노,악의적인,분노
좌절한,악의적인,분노
흥분,악의적인,분노
노여워하는,악의적인,분노
악의적인,악의적인,분노
악의적인,악의적인,분노
외로운,악의적인,분노
악의적인,악의적인,분노
악의적인,악의적인,분노
비통한,악의적인,분노
악의적인,악의적인,분노
악의적인,악의적인,분노
방어적인,악의적인,분노
분노,악의적인,분노
한심한,악의적인,분노
악의적인,악의적인,분노
혐오스러운,악의적인,분노
노여워하는,악의적인,분노
노여워하는,악의적인,분노
질투하는,악의적인,분노
악의적인,악의적인,분노
악의적인,악의적인,분노
악의적인,악의적인,분노
괴로워하는,악의적인,분노
두려운,악의적인,분노
악의적인,악의적인,분노
악의적인,악의적인,분노
악의적인,악의적인,분노
배신당한,악의적인,분노
악의적인,악의적인,분노
악의적인,악의적인,분노
희생된,악의적인,분노
성가신,악의적인,분노
악의적인,악의적인,분노
좌절한,악의적인,분노
악의적인,악의적인,분노
악의적인,악의적인,분노
짜증내는,악의적인,분노
악의적인,악의적인,분노
노여워하는,악의적인,분노
악의적인,악의적인,분노
분노,악의적인,분노
분노,악의적인,분노
악의적인,악의적인,분노
희생된,악의적인,분노
악의적인,악의적인,분노
악의적인,악의적인,분노
악의적인,악의적인,분노
안달하는,악의적인,분노
방어적인,악의적인,분노
악의적인,악의적인,분노
악의적인,악의적인,분노
노여워하는,악의적인,분노
악의적인,악의적인,분노
한심한,악의적인,분노
죄책감의,악의적인,분노
악의적인,악의적인,분노
좌절한,악의적인,분노
희생된,악의적인,분노
악의적인,악의적인,분노
악의적인,악의적인,분노
악의적인,악의적인,분노
방어적인,악의적인,분노
고립된,악의적인,분노
회의적인,안달하는,분노
안달하는,안달하는,분노
안달하는,안달하는,분노
안달하는,안달하는,분노
불안,안달하는,분노
슬픔,안달하는,분노
"가난한, 불우한",안달하는,분노
안달하는,안달하는,분노
짜증내는,안달하는,분노
초조한,안달하는,분노
안달하는,안달하는,분노
초조한,안달하는,분노
좌절한,안달하는,분노
안달하는,안달하는,분노
외로운,안달하는,분노
억울한,안달하는,분노
고립된,안달하는,분노
안달하는,안달하는,분노
고립된,안달하는,분노
안달하는,안달하는,분노
취약한,안달하는,분노
초조한,안달하는,분노
"가난한, 불우한",안달하는,분노
짜증내는,안달하는,분노
두려운,안달하는,분노
분노,안달하는,분노
안달하는,안달하는,분노
안달하는,안달하는,분노
스트레스 받는,안달하는,분노
초조한,안달하는,분노
환멸을 느끼는,안달하는,분노
스트레스 받는,안달하는,분노
안달하는,안달하는,분노
초조한,안달하는,분노
안달하는,안달하는,분노
불안,안달하는,분노
눈물이 나는,안달하는,분노
스트레스 받는,안달하는,분노
안달하는,안달하는,분노
안달하는,안달하는,분노
안달하는,안달하는,분노
안달하는,안달하는,분노
초조한,안달하는,분노
악의적인,안달하는,분노
안달하는,안달하는,분노
안달하는,안달하는,분노
상처,안달하는,분노
걱정스러운,안달하는,분노
부끄러운,안달하는,분노
걱정스러운,안달하는,분노
안달하는,안달하는,분노
짜증내는,안달하는,분노
스트레스 받는,안달하는,분노
당황,안달하는,분노
두려운,안달하는,분노
안달하는,안달하는,분노
안달하는,안달하는,분노
혼란스러운,안달하는,분노
안달하는,안달하는,분노
환멸을 느끼는,안달하는,분노
안달하는,안달하는,분노
안달하는,안달하는,분노
안달하는,안달하는,분노
실망한,안달하는,분노
안달하는,안달하는,분노
고립된,안달하는,분노
툴툴대는,안달하는,분노
안달하는,안달하는,분노
방어적인,안달하는,분노
안달하는,안달하는,분노
안달하는,안달하는,분노
안달하는,안달하는,분노
혼란스러운,안달하는,분노
안달하는,안달하는,분노
안달하는,안달하는,분노
"가난한, 불우한",안달하는,분노
안달하는,안달하는,분노
안달하는,안달하는,분노
안달하는,안달하는,분노
안달하는,안달하는,분노
안달하는,안달하는,분노
걱정스러운,안달하는,분노
악의적인,안달하는,분노
취약한,안달하는,분노
안달하는,안달하는,분노
초조한,안달하는,분노
걱정스러운,안달하는,분노
고립된,안달하는,분노
안달하는,안달하는,분노
안달하는,안달하는,분노
부끄러운,안달하는,분노
슬픔,안달하는,분노
안달하는,안달하는,분노
안도,안도,기쁨
안도,안도,기쁨
안도,안도,기쁨
안도,안도,기쁨
안도,안도,기쁨
안도,안도,기쁨
느긋,안도,기쁨
안도,안도,기쁨
안도,안도,기쁨
안도,안도,기쁨
안도,안도,기쁨
죄책감의,안도,기쁨
안도,안도,기쁨
안도,안도,기쁨
괴로워하는,안도,기쁨
흥분,안도,기쁨
안도,안도,기쁨
안도,안도,기쁨
안도,안도,기쁨
안도,안도,기쁨
안도,안도,기쁨
안도,안도,기쁨
감사하는,안도,기쁨
흥분,안도,기쁨
안도,안도,기쁨
느긋,안도,기쁨
신뢰하는,안도,기쁨
안도,안도,기쁨
안도,안도,기쁨
안도,안도,기쁨
안도,안도,기쁨
안도,안도,기쁨
안도,안도,기쁨
안도,안도,기쁨
안도,안도,기쁨
안도,안도,기쁨
안도,안도,기쁨
안도,안도,기쁨
편안한,안도,기쁨
안도,안도,기쁨
안도,안도,기쁨
안도,안도,기쁨
안도,안도,기쁨
안도,안도,기쁨
안도,안도,기쁨
안도,안도,기쁨
감사하는,안도,기쁨
안도,안도,기쁨
안도,안도,기쁨
안도,안도,기쁨
안도,안도,기쁨
안도,안도,기쁨
안도,안도,기쁨
눈물이 나는,안도,기쁨
기쁨,안도,기쁨
불안,안도,기쁨
안도,안도,기쁨
안도,안도,기쁨
안도,안도,기쁨
안도,안도,기쁨
안도,안도,기쁨
흥분,안도,기쁨
안도,안도,기쁨
편안한,안도,기쁨
안도,안도,기쁨
안도,안도,기쁨
안도,안도,기쁨
안도,안도,기쁨
안도,안도,기쁨
안도,안도,기쁨
안도,안도,기쁨
신이 난,안도,기쁨
안도,안도,기쁨
안도,안도,기쁨
안도,안도,기쁨
신이 난,안도,기쁨
안도,안도,기쁨
안도,안도,기쁨
기쁨,안도,기쁨
만족스러운,안도,기쁨
안도,안도,기쁨
편안한,안도,기쁨
걱정스러운,안도,기쁨
안도,안도,기쁨
안도,안도,기쁨
신이 난,안도,기쁨
상처,억울한,상처
우울한,억울한,상처
억울한,억울한,상처
억울한,억울한,상처
분노,억울한,상처
억울한,억울한,상처
"가난한, 불우한",억울한,상처
억울한,억울한,상처
억울한,억울한,상처
당황,억울한,상처
억울한,억울한,상처
억울한,억울한,상처
조심스러운,억울한,상처
억울한,억울한,상처
억울한,억울한,상처
억울한,억울한,상처
구역질 나는,억울한,상처
억울한,억울한,상처
억울한,억울한,상처
억울한,억울한,상처
열등감,억울한,상처
열등감,억울한,상처
희생된,억울한,상처
괴로워하는,억울한,상처
억울한,억울한,상처
억울한,억울한,상처
억울한,억울한,상처
억울한,억울한,상처
억울한,억울한,상처
기쁨,억울한,상처
혼란스러운,억울한,상처
억울한,억울한,상처
억울한,억울한,상처
억울한,억울한,상처
죄책감의,억울한,상처
억울한,억울한,상처
괴로워하는,억울한,상처
짜증내는,억울한,상처
억울한,억울한,상처
억울한,억울한,상처
억울한,억울한,상처
억울한,억울한,상처
억울한,억울한,상처
우울한,억울한,상처
억울한,억울한,상처
억울한,억울한,상처
악의적인,억울한,상처
억울한,억울한,상처
희생된,억울한,상처
억울한,억울한,상처
당황,억울한,상처
억울한,억울한,상처
억울한,억울한,상처
억울한,억울한,상처
억울한,억울한,상처
억울한,억울한,상처
노여워하는,억울한,상처
억울한,억울한,상처
억울한,억울한,상처
억울한,억울한,상처
억울한,억울한,상처
억울한,억울한,상처
억울한,억울한,상처
억울한,억울한,상처
억울한,억울한,상처
상처,억울한,상처
억울한,억울한,상처
억울한,억울한,상처
억울한,억울한,상처
억울한,억울한,상처
억울한,억울한,상처
억울한,억울한,상처
억울한,억울한,상처
억울한,억울한,상처
억울한,억울한,상처
억울한,억울한,상처
억울한,억울한,상처
억울한,억울한,상처
억울한,억울한,상처
환멸을 느끼는,억울한,상처
실망한,열등감,당황
낙담한,열등감,당황
염세적인,열등감,당황
조심스러운,열등감,당황
질투하는,열등감,당황
배신당한,열등감,당황
구역질 나는,열등감,당황
취약한,열등감,당황
방어적인,열등감,당황
열등감,열등감,당황
상처,열등감,당황
열등감,열등감,당황
열등감,열등감,당황
악의적인,열등감,당황
열등감,열등감,당황
충격 받은,열등감,당황
부끄러운,열등감,당황
염세적인,열등감,당황
자신하는,열등감,당황
열등감,열등감,당황
질투하는,열등감,당황
열등감,열등감,당황
열등감,열등감,당황
열등감,열등감,당황
열등감,열등감,당황
우울한,열등감,당황
질투하는,열등감,당황
열등감,열등감,당황
질투하는,열등감,당황
열등감,열등감,당황
열등감,열등감,당황
열등감,열등감,당황
"가난한, 불우한",열등감,당황
열등감,열등감,당황
짜증내는,열등감,당황
열등감,열등감,당황
고립된,열등감,당황
열등감,열등감,당황
열등감,열등감,당황
열등감,열등감,당황
열등감,열등감,당황
열등감,열등감,당황
열등감,열등감,당황
열등감,열등감,당황
열등감,열등감,당황
열등감,열등감,당황
열등감,열등감,당황
열등감,열등감,당황
마비된,열등감,당황
질투하는,열등감,당황
열등감,열등감,당황
열등감,열등감,당황
분노,열등감,당황
질투하는,열등감,당황
분노,열등감,당황
열등감,열등감,당황
열등감,열등감,당황
열등감,열등감,당황
열등감,열등감,당황
분노,열등감,당황
열등감,열등감,당황
열등감,열등감,당황
열등감,열등감,당황
당혹스러운,열등감,당황
열등감,열등감,당황
열등감,열등감,당황
열등감,열등감,당황
열등감,열등감,당황
열등감,열등감,당황
열등감,열등감,당황
열등감,열등감,당황
버려진,열등감,당황
두려운,열등감,당황
열등감,열등감,당황
구역질 나는,열등감,당황
한심한,열등감,당황
염세적인,염세적인,슬픔
회의적인,염세적인,슬픔
후회되는,염세적인,슬픔
염세적인,염세적인,슬픔
짜증내는,염세적인,슬픔
열등감,염세적인,슬픔
걱정스러운,염세적인,슬픔
염세적인,염세적인,슬픔
충격 받은,염세적인,슬픔
회의적인,염세적인,슬픔
환멸을 느끼는,염세적인,슬픔
염세적인,염세적인,슬픔
버려진,염세적인,슬픔
염세적인,염세적인,슬픔
눈물이 나는,염세적인,슬픔
슬픔,염세적인,슬픔
툴툴대는,염세적인,슬픔
걱정스러운,염세적인,슬픔
염세적인,염세적인,슬픔
눈물이 나는,염세적인,슬픔
실망한,염세적인,슬픔
낙담한,염세적인,슬픔
염세적인,염세적인,슬픔
우울한,염세적인,슬픔
염세적인,염세적인,슬픔
한심한,염세적인,슬픔
우울한,염세적인,슬픔
염세적인,염세적인,슬픔
방어적인,염세적인,슬픔
걱정스러운,염세적인,슬픔
회의적인,염세적인,슬픔
방어적인,염세적인,슬픔
비통한,염세적인,슬픔
낙담한,염세적인,슬픔
낙담한,염세적인,슬픔
염세적인,염세적인,슬픔
염세적인,염세적인,슬픔
염세적인,염세적인,슬픔
방어적인,염세적인,슬픔
슬픔,염세적인,슬픔
스트레스 받는,염세적인,슬픔
염세적인,염세적인,슬픔
취약한,염세적인,슬픔
불안,염세적인,슬픔
걱정스러운,염세적인,슬픔
염세적인,염세적인,슬픔
염세적인,염세적인,슬픔
염세적인,염세적인,슬픔
성가신,염세적인,슬픔
남의 시선을 의식하는,염세적인,슬픔
환멸을 느끼는,염세적인,슬픔
염세적인,염세적인,슬픔
우울한,염세적인,슬픔
슬픔,염세적인,슬픔
염세적인,염세적인,슬픔
환멸을 느끼는,염세적인,슬픔
염세적인,염세적인,슬픔
염세적인,염세적인,슬픔
걱정스러운,염세적인,슬픔
회의적인,염세적인,슬픔
걱정스러운,염세적인,슬픔
성가신,염세적인,슬픔
회의적인,염세적인,슬픔
염세적인,염세적인,슬픔
우울한,염세적인,슬픔
환멸을 느끼는,염세적인,슬픔
편안한,염세적인,슬픔
스트레스 받는,염세적인,슬픔
혐오스러운,염세적인,슬픔
희생된,염세적인,슬픔
비통한,염세적인,슬픔
회의적인,염세적인,슬픔
염세적인,염세적인,슬픔
염세적인,염세적인,슬픔
열등감,염세적인,슬픔
염세적인,염세적인,슬픔
상처,염세적인,슬픔
우울한,염세적인,슬픔
염세적인,염세적인,슬픔
염세적인,염세적인,슬픔
슬픔,염세적인,슬픔
비통한,염세적인,슬픔
슬픔,외로운,당황
외로운,외로운,당황
슬픔,외로운,당황
고립된,외로운,당황
고립된,외로운,당황
외로운,외로운,당황
외로운,외로운,당황
외로운,외로운,당황
고립된,외로운,당황
외로운,외로운,당황
외로운,외로운,당황
외로운,외로운,당황
외로운,외로운,당황
고립된,외로운,당황
외로운,외로운,당황
툴툴대는,외로운,당황
고립된,외로운,당황
걱정스러운,외로운,당황
외로운,외로운,당황
외로운,외로운,당황
외로운,외로운,당황
외로운,외로운,당황
외로운,외로운,당황
슬픔,외로운,당황
외로운,외로운,당황
고립된,외로운,당황
외로운,외로운,당황
고립된,외로운,당황
외로운,외로운,당황
짜증내는,외로운,당황
슬픔,외로운,당황
외로운,외로운,당황
고립된,외로운,당황
외로운,외로운,당황
고립된,외로운,당황
외로운,외로운,당황
염세적인,외로운,당황
툴툴대는,외로운,당황
외로운,외로운,당황
고립된,외로운,당황
외로운,외로운,당황
고립된,외로운,당황
외로운,외로운,당황
걱정스러운,외로운,당황
한심한,외로운,당황
외로운,외로운,당황
외로운,외로운,당황
외로운,외로운,당황
고립된,외로운,당황
비통한,외로운,당황
외로운,외로운,당황
외로운,외로운,당황
고립된,외로운,당황
상처,외로운,당황
안도,외로운,당황
외로운,외로운,당황
외로운,외로운,당황
외로운,외로운,당황
외로운,외로운,당황
회의적인,외로운,당황
외로운,외로운,당황
고립된,외로운,당황
외로운,외로운,당황
실망한,외로운,당황
눈물이 나는,외로운,당황
외로운,외로운,당황
외로운,외로운,당황
실망한,외로운,당황
취약한,외로운,당황
외로운,외로운,당황
당혹스러운,외로운,당황
외로운,외로운,당황
외로운,외로운,당황
외로운,외로운,당황
우울한,외로운,당황
감사하는,외로운,당황
혼란스러운,외로운,당황
고립된,외로운,당황
고립된,외로운,당황
외로운,외로운,당황
우울한,우울한,슬픔
우울한,우울한,슬픔
외로운,우울한,슬픔
우울한,우울한,슬픔
우울한,우울한,슬픔
우울한,우울한,슬픔
우울한,우울한,슬픔
회의적인,우울한,슬픔
우울한,우울한,슬픔
우울한,우울한,슬픔
고립된,우울한,슬픔
우울한,우울한,슬픔
우울한,우울한,슬픔
우울한,우울한,슬픔
우울한,우울한,슬픔
우울한,우울한,슬픔
우울한,우울한,슬픔
염세적인,우울한,슬픔
걱정스러운,우울한,슬픔
우울한,우울한,슬픔
고립된,우울한,슬픔
눈물이 나는,우울한,슬픔
슬픔,우울한,슬픔
고립된,우울한,슬픔
우울한,우울한,슬픔
회의적인,우울한,슬픔
우울한,우울한,슬픔
우울한,우울한,슬픔
우울한,우울한,슬픔
우울한,우울한,슬픔
우울한,우울한,슬픔
좌절한,우울한,슬픔
우울한,우울한,슬픔
우울한,우울한,슬픔
회의적인,우울한,슬픔
우울한,우울한,슬픔
우울한,우울한,슬픔
우울한,우울한,슬픔
충격 받은,우울한,슬픔
비통한,우울한,슬픔
혐오스러운,우울한,슬픔
우울한,우울한,슬픔
우울한,우울한,슬픔
슬픔,우울한,슬픔
우울한,우울한,슬픔
우울한,우울한,슬픔
우울한,우울한,슬픔
한심한,우울한,슬픔
충격 받은,우울한,슬픔
낙담한,우울한,슬픔
고립된,우울한,슬픔
괴로워하는,우울한,슬픔
우울한,우울한,슬픔
후회되는,우울한,슬픔
불안,우울한,슬픔
슬픔,우울한,슬픔
우울한,우울한,슬픔
우울한,우울한,슬픔
우울한,우울한,슬픔
눈물이 나는,우울한,슬픔
우울한,우울한,슬픔
우울한,우울한,슬픔
우울한,우울한,슬픔
우울한,우울한,슬픔
우울한,우울한,슬픔
외로운,우울한,슬픔
우울한,우울한,슬픔
혼란스러운,우울한,슬픔
우울한,우울한,슬픔
고립된,우울한,슬픔
우울한,우울한,슬픔
우울한,우울한,슬픔
스트레스 받는,우울한,슬픔
불안,우울한,슬픔
우울한,우울한,슬픔
우울한,우울한,슬픔
우울한,우울한,슬픔
악의적인,우울한,슬픔
구역질 나는,우울한,슬픔
우울한,우울한,슬픔
우울한,우울한,슬픔
우울한,우울한,슬픔
회의적인,우울한,슬픔
버려진,우울한,슬픔
고립된,우울한,슬픔
우울한,우울한,슬픔
혼란스러운,우울한,슬픔
우울한,우울한,슬픔
좌절한,우울한,슬픔
우울한,우울한,슬픔
우울한,우울한,슬픔
신뢰하는,자신하는,기쁨
악의적인,자신하는,기쁨
자신하는,자신하는,기쁨
편안한,자신하는,기쁨
자신하는,자신하는,기쁨
만족스러운,자신하는,기쁨
안도,자신하는,기쁨
자신하는,자신하는,기쁨
흥분,자신하는,기쁨
자신하는,자신하는,기쁨
자신하는,자신하는,기쁨
자신하는,자신하는,기쁨
기쁨,자신하는,기쁨
편안한,자신하는,기쁨
자신하는,자신하는,기쁨
자신하는,자신하는,기쁨
안도,자신하는,기쁨
신뢰하는,자신하는,기쁨
자신하는,자신하는,기쁨
자신하는,자신하는,기쁨
기쁨,자신하는,기쁨
자신하는,자신하는,기쁨
자신하는,자신하는,기쁨
안도,자신하는,기쁨
자신하는,자신하는,기쁨
흥분,자신하는,기쁨
신뢰하는,자신하는,기쁨
자신하는,자신하는,기쁨
자신하는,자신하는,기쁨
혼란스러운,자신하는,기쁨
자신하는,자신하는,기쁨
자신하는,자신하는,기쁨
자신하는,자신하는,기쁨
자신하는,자신하는,기쁨
자신하는,자신하는,기쁨
편안한,자신하는,기쁨
기쁨,자신하는,기쁨
자신하는,자신하는,기쁨
자신하는,자신하는,기쁨
비통한,자신하는,기쁨
자신하는,자신하는,기쁨
자신하는,자신하는,기쁨
자신하는,자신하는,기쁨
자신하는,자신하는,기쁨
신뢰하는,자신하는,기쁨
자신하는,자신하는,기쁨
자신하는,자신하는,기쁨
신이 난,자신하는,기쁨
낙담한,자신하는,기쁨
만족스러운,자신하는,기쁨
자신하는,자신하는,기쁨
만족스러운,자신하는,기쁨
자신하는,자신하는,기쁨
자신하는,자신하는,기쁨
자신하는,자신하는,기쁨
자신하는,자신하는,기쁨
자신하는,자신하는,기쁨
자신하는,자신하는,기쁨
슬픔,자신하는,기쁨
안도,자신하는,기쁨
자신하는,자신하는,기쁨
자신하는,자신하는,기쁨
자신하는,자신하는,기쁨
조심스러운,자신하는,기쁨
자신하는,자신하는,기쁨
편안한,자신하는,기쁨
자신하는,자신하는,기쁨
자신하는,자신하는,기쁨
감사하는,자신하는,기쁨
안도,자신하는,기쁨
신이 난,자신하는,기쁨
자신하는,자신하는,기쁨
걱정스러운,자신하는,기쁨
자신하는,자신하는,기쁨
흥분,자신하는,기쁨
자신하는,자신하는,기쁨
자신하는,자신하는,기쁨
자신하는,자신하는,기쁨
낙담한,자신하는,기쁨
자신하는,자신하는,기쁨
기쁨,자신하는,기쁨
편안한,자신하는,기쁨
신이 난,자신하는,기쁨
자신하는,자신하는,기쁨
자신하는,자신하는,기쁨
자신하는,자신하는,기쁨
조심스러운,조심스러운,불안
조심스러운,조심스러운,불안
조심스러운,조심스러운,불안
조심스러운,조심스러운,불안
"가난한, 불우한",조심스러운,불안
조심스러운,조심스러운,불안
조심스러운,조심스러운,불안
회의적인,조심스러운,불안
조심스러운,조심스러운,불안
조심스러운,조심스러운,불안
조심스러운,조심스러운,불안
혼란스러운,조심스러운,불안
두려운,조심스러운,불안
두려운,조심스러운,불안
조심스러운,조심스러운,불안
조심스러운,조심스러운,불안
실망한,조심스러운,불안
조심스러운,조심스러운,불안
조심스러운,조심스러운,불안
조심스러운,조심스러운,불안
조심스러운,조심스러운,불안
조심스러운,조심스러운,불안
불안,조심스러운,불안
좌절한,조심스러운,불안
조심스러운,조심스러운,불안
조심스러운,조심스러운,불안
죄책감의,조심스러운,불안
조심스러운,조심스러운,불안
조심스러운,조심스러운,불안
편안한,조심스러운,불안
조심스러운,조심스러운,불안
조심스러운,조심스러운,불안
조심스러운,조심스러운,불안
외로운,조심스러운,불안
방어적인,조심스러운,불안
조심스러운,조심스러운,불안
조심스러운,조심스러운,불안
좌절한,조심스러운,불안
외로운,조심스러운,불안
조심스러운,조심스러운,불안
조심스러운,조심스러운,불안
조심스러운,조심스러운,불안
조심스러운,조심스러운,불안
한심한,조심스러운,불안
조심스러운,조심스러운,불안
조심스러운,조심스러운,불안
조심스러운,조심스러운,불안
조심스러운,조심스러운,불안
조심스러운,조심스러운,불안
조심스러운,조심스러운,불안
걱정스러운,조심스러운,불안
조심스러운,조심스러운,불안
조심스러운,조심스러운,불안
조심스러운,조심스러운,불안
조심스러운,조심스러운,불안
조심스러운,조심스러운,불안
조심스러운,조심스러운,불안
조심스러운,조심스러운,불안
조심스러운,조심스러운,불안
조심스러운,조심스러운,불안
조심스러운,조심스러운,불안
조심스러운,조심스러운,불안
짜증내는,조심스러운,불안
조심스러운,조심스러운,불안
걱정스러운,조심스러운,불안
걱정스러운,조심스러운,불안
조심스러운,조심스러운,불안
조심스러운,조심스러운,불안
조심스러운,조심스러운,불안
불안,조심스러운,불안
죄책감의,조심스러운,불안
방어적인,조심스러운,불안
조심스러운,조심스러운,불안
고립된,조심스러운,불안
조심스러운,조심스러운,불안
조심스러운,조심스러운,불안
조심스러운,조심스러운,불안
툴툴대는,조심스러운,불안
조심스러운,조심스러운,불안
조심스러운,조심스러운,불안
조심스러운,조심스러운,불안
조심스러운,조심스러운,불안
조심스러운,조심스러운,불안
방어적인,조심스러운,불안
조심스러운,조심스러운,불안
당혹스러운,조심스러운,불안
열등감,조심스러운,불안
조심스러운,조심스러운,불안
조심스러운,조심스러운,불안
한심한,조심스러운,불안
조심스러운,조심스러운,불안
조심스러운,조심스러운,불안
좌절한,좌절한,분노
좌절한,좌절한,분노
슬픔,좌절한,분노
마비된,좌절한,분노
실망한,좌절한,분노
좌절한,좌절한,분노
좌절한,좌절한,분노
노여워하는,좌절한,분노
좌절한,좌절한,분노
염세적인,좌절한,분노
좌절한,좌절한,분노
좌절한,좌절한,분노
노여워하는,좌절한,분노
배신당한,좌절한,분노
편안한,좌절한,분노
좌절한,좌절한,분노
우울한,좌절한,분노
좌절한,좌절한,분노
당혹스러운,좌절한,분노
좌절한,좌절한,분노
노여워하는,좌절한,분노
좌절한,좌절한,분노
좌절한,좌절한,분노
비통한,좌절한,분노
좌절한,좌절한,분노
억울한,좌절한,분노
낙담한,좌절한,분노
좌절한,좌절한,분노
회의적인,좌절한,분노
버려진,좌절한,분노
실망한,좌절한,분노
좌절한,좌절한,분노
열등감,좌절한,분노
툴툴대는,좌절한,분노
좌절한,좌절한,분노
좌절한,좌절한,분노
좌절한,좌절한,분노
두려운,좌절한,분노
툴툴대는,좌절한,분노
괴로워하는,좌절한,분노
좌절한,좌절한,분노
환멸을 느끼는,좌절한,분노
좌절한,좌절한,분노
좌절한,좌절한,분노
좌절한,좌절한,분노
좌절한,좌절한,분노
좌절한,좌절한,분노
좌절한,좌절한,분노
괴로워하는,좌절한,분노
비통한,좌절한,분노
좌절한,좌절한,분노
좌절한,좌절한,분노
좌절한,좌절한,분노
후회되는,좌절한,분노
좌절한,좌절한,분노
낙담한,좌절한,분노
악의적인,좌절한,분노
좌절한,좌절한,분노
낙담한,좌절한,분노
좌절한,좌절한,분노
좌절한,좌절한,분노
고립된,좌절한,분노
좌절한,좌절한,분노
스트레스 받는,좌절한,분노
좌절한,좌절한,분노
좌절한,좌절한,분노
마비된,좌절한,분노
외로운,좌절한,분노
버려진,좌절한,분노
분노,좌절한,분노
슬픔,좌절한,분노
좌절한,좌절한,분노
당혹스러운,좌절한,분노
괴로워하는,좌절한,분노
후회되는,좌절한,분노
좌절한,좌절한,분노
좌절한,좌절한,분노
좌절한,좌절한,분노
눈물이 나는,좌절한,분노
분노,좌절한,분노
분노,좌절한,분노
좌절한,좌절한,분노
좌절한,좌절한,분노
좌절한,좌절한,분노
희생된,좌절한,분노
슬픔,좌절한,분노
혐오스러운,좌절한,분노
구역질 나는,좌절한,분노
좌절한,좌절한,분노
희생된,좌절한,분노
좌절한,좌절한,분노
좌절한,좌절한,분노
좌절한,좌절한,분노
좌절한,좌절한,분노
당혹스러운,죄책감의,당황
죄책감의,죄책감의,당황
죄책감의,죄책감의,당황
죄책감의,죄책감의,당황
죄책감의,죄책감의,당황
실망한,죄책감의,당황
죄책감의,죄책감의,당황
죄책감의,죄책감의,당황
희생된,죄책감의,당황
죄책감의,죄책감의,당황
죄책감의,죄책감의,당황
희생된,죄책감의,당황
죄책감의,죄책감의,당황
후회되는,죄책감의,당황
죄책감의,죄책감의,당황
죄책감의,죄책감의,당황
죄책감의,죄책감의,당황
후회되는,죄책감의,당황
죄책감의,죄책감의,당황
죄책감의,죄책감의,당황
후회되는,죄책감의,당황
죄책감의,죄책감의,당황
죄책감의,죄책감의,당황
죄책감의,죄책감의,당황
죄책감의,죄책감의,당황
충격 받은,죄책감의,당황
비통한,죄책감의,당황
죄책감의,죄책감의,당황
죄책감의,죄책감의,당황
죄책감의,죄책감의,당황
죄책감의,죄책감의,당황
비통한,죄책감의,당황
죄책감의,죄책감의,당황
죄책감의,죄책감의,당황
죄책감의,죄책감의,당황
죄책감의,죄책감의,당황
죄책감의,죄책감의,당황
죄책감의,죄책감의,당황
죄책감의,죄책감의,당황
상처,죄책감의,당황
초조한,죄책감의,당황
충격 받은,죄책감의,당황
죄책감의,죄책감의,당황
죄책감의,죄책감의,당황
마비된,죄책감의,당황
죄책감의,죄책감의,당황
죄책감의,죄책감의,당황
죄책감의,죄책감의,당황
죄책감의,죄책감의,당황
죄책감의,죄책감의,당황
괴로워하는,죄책감의,당황
죄책감의,죄책감의,당황
걱정스러운,죄책감의,당황
죄책감의,죄책감의,당황
슬픔,죄책감의,당황
죄책감의,죄책감의,당황
죄책감의,죄책감의,당황
당황,죄책감의,당황
죄책감의,죄책감의,당황
죄책감의,죄책감의,당황
죄책감의,죄책감의,당황
죄책감의,죄책감의,당황
당황,죄책감의,당황
죄책감의,죄책감의,당황
죄책감의,죄책감의,당황
죄책감의,죄책감의,당황
죄책감의,죄책감의,당황
감사하는,죄책감의,당황
낙담한,죄책감의,당황
툴툴대는,죄책감의,당황
죄책감의,죄책감의,당황
염세적인,죄책감의,당황
낙담한,죄책감의,당황
죄책감의,죄책감의,당황
비통한,죄책감의,당황
죄책감의,죄책감의,당황
걱정스러운,죄책감의,당황
죄책감의,죄책감의,당황
죄책감의,죄책감의,당황
후회되는,죄책감의,당황
죄책감의,죄책감의,당황
죄책감의,죄책감의,당황
걱정스러운,죄책감의,당황
죄책감의,죄책감의,당황
악의적인,죄책감의,당황
죄책감의,죄책감의,당황
죄책감의,죄책감의,당황
죄책감의,죄책감의,당황
죄책감의,죄책감의,당황
죄책감의,죄책감의,당황
후회되는,죄책감의,당황
죄책감의,죄책감의,당황
부끄러운,죄책감의,당황
죄책감의,죄책감의,당황
슬픔,죄책감의,당황
죄책감의,죄책감의,당황
질투하는,질투하는,상처
질투하는,질투하는,상처
질투하는,질투하는,상처
질투하는,질투하는,상처
질투하는,질투하는,상처
열등감,질투하는,상처
질투하는,질투하는,상처
기쁨,질투하는,상처
열등감,질투하는,상처
질투하는,질투하는,상처
질투하는,질투하는,상처
질투하는,질투하는,상처
질투하는,질투하는,상처
질투하는,질투하는,상처
질투하는,질투하는,상처
질투하는,질투하는,상처
질투하는,질투하는,상처
질투하는,질투하는,상처
질투하는,질투하는,상처
질투하는,질투하는,상처
질투하는,질투하는,상처
질투하는,질투하는,상처
괴로워하는,질투하는,상처
질투하는,질투하는,상처
상처,질투하는,상처
질투하는,질투하는,상처
질투하는,질투하는,상처
당혹스러운,질투하는,상처
질투하는,질투하는,상처
상처,질투하는,상처
질투하는,질투하는,상처
질투하는,질투하는,상처
질투하는,질투하는,상처
질투하는,질투하는,상처
질투하는,질투하는,상처
질투하는,질투하는,상처
남의 시선을 의식하는,질투하는,상처
질투하는,질투하는,상처
질투하는,질투하는,상처
질투하는,질투하는,상처
질투하는,질투하는,상처
열등감,질투하는,상처
열등감,질투하는,상처
질투하는,질투하는,상처
질투하는,질투하는,상처
질투하는,질투하는,상처
질투하는,질투하는,상처
질투하는,질투하는,상처
질투하는,질투하는,상처
질투하는,질투하는,상처
질투하는,질투하는,상처
질투하는,질투하는,상처
질투하는,질투하는,상처
질투하는,질투하는,상처
툴툴대는,질투하는,상처
질투하는,질투하는,상처
질투하는,질투하는,상처
질투하는,질투하는,상처
열등감,질투하는,상처
질투하는,질투하는,상처
실망한,질투하는,상처
혐오스러운,질투하는,상처
질투하는,질투하는,상처
질투하는,질투하는,상처
질투하는,질투하는,상처
열등감,질투하는,상처
질투하는,질투하는,상처
질투하는,질투하는,상처
질투하는,질투하는,상처
질투하는,질투하는,상처
우울한,질투하는,상처
남의 시선을 의식하는,질투하는,상처
툴툴대는,질투하는,상처
열등감,질투하는,상처
혐오스러운,질투하는,상처
질투하는,질투하는,상처
툴툴대는,질투하는,상처
질투하는,질투하는,상처
질투하는,질투하는,상처
짜증내는,짜증내는,분노
짜증내는,짜증내는,분노
짜증내는,짜증내는,분노
짜증내는,짜증내는,분노
짜증내는,짜증내는,분노
짜증내는,짜증내는,분노
짜증내는,짜증내는,분노
상처,짜증내는,분노
느긋,짜증내는,분노
짜증내는,짜증내는,분노
짜증내는,짜증내는,분노
짜증내는,짜증내는,분노
짜증내는,짜증내는,분노
상처,짜증내는,분노
짜증내는,짜증내는,분노
짜증내는,짜증내는,분노
짜증내는,짜증내는,분노
질투하는,짜증내는,분노
툴툴대는,짜증내는,분노
구역질 나는,짜증내는,분노
짜증내는,짜증내는,분노
짜증내는,짜증내는,분노
짜증내는,짜증내는,분노
짜증내는,짜증내는,분노
짜증내는,짜증내는,분노
짜증내는,짜증내는,분노
짜증내는,짜증내는,분노
방어적인,짜증내는,분노
억울한,짜증내는,분노
짜증내는,짜증내는,분노
짜증내는,짜증내는,분노
슬픔,짜증내는,분노
후회되는,짜증내는,분노
짜증내는,짜증내는,분노
짜증내는,짜증내는,분노
성가신,짜증내는,분노
방어적인,짜증내는,분노
짜증내는,짜증내는,분노
짜증내는,짜증내는,분노
성가신,짜증내는,분노
조심스러운,짜증내는,분노
두려운,짜증내는,분노
짜증내는,짜증내는,분노
노여워하는,짜증내는,분노
툴툴대는,짜증내는,분노
툴툴대는,짜증내는,분노
툴툴대는,짜증내는,분노
혐오스러운,짜증내는,분노
짜증내는,짜증내는,분노
짜증내는,짜증내는,분노
짜증내는,짜증내는,분노
짜증내는,짜증내는,분노
짜증내는,짜증내는,분노
짜증내는,짜증내는,분노
툴툴대는,짜증내는,분노
외로운,짜증내는,분노
염세적인,짜증내는,분노
혼란스러운,짜증내는,분노
짜증내는,짜증내는,분노
짜증내는,짜증내는,분노
스트레스 받는,짜증내는,분노
노여워하는,짜증내는,분노
짜증내는,짜증내는,분노
짜증내는,짜증내는,분노
분노,짜증내는,분노
안달하는,짜증내는,분노
짜증내는,짜증내는,분노
짜증내는,짜증내는,분노
짜증내는,짜증내는,분노
분노,짜증내는,분노
한심한,짜증내는,분노
슬픔,짜증내는,분노
방어적인,짜증내는,분노
짜증내는,짜증내는,분노
노여워하는,짜증내는,분노
짜증내는,짜증내는,분노
짜증내는,짜증내는,분노
짜증내는,짜증내는,분노
짜증내는,짜증내는,분노
툴툴대는,짜증내는,분노
짜증내는,짜증내는,분노
짜증내는,짜증내는,분노
흥분,짜증내는,분노
짜증내는,짜증내는,분노
희생된,짜증내는,분노
짜증내는,짜증내는,분노
짜증내는,짜증내는,분노
짜증내는,짜증내는,분노
짜증내는,짜증내는,분노
환멸을 느끼는,짜증내는,분노
툴툴대는,짜증내는,분노
짜증내는,짜증내는,분노
툴툴대는,짜증내는,분노
부끄러운,초조한,불안
불안,초조한,불안
초조한,초조한,불안
신뢰하는,초조한,불안
초조한,초조한,불안
걱정스러운,초조한,불안
회의적인,초조한,불안
상처,초조한,불안
초조한,초조한,불안
걱정스러운,초조한,불안
초조한,초조한,불안
두려운,초조한,불안
초조한,초조한,불안
초조한,초조한,불안
불안,초조한,불안
슬픔,초조한,불안
회의적인,초조한,불안
초조한,초조한,불안
불안,초조한,불안
초조한,초조한,불안
초조한,초조한,불안
걱정스러운,초조한,불안
초조한,초조한,불안
불안,초조한,불안
초조한,초조한,불안
걱정스러운,초조한,불안
불안,초조한,불안
걱정스러운,초조한,불안
당혹스러운,초조한,불안
초조한,초조한,불안
염세적인,초조한,불안
불안,초조한,불안
초조한,초조한,불안
초조한,초조한,불안
초조한,초조한,불안
구역질 나는,초조한,불안
혼란스러운,초조한,불안
초조한,초조한,불안
초조한,초조한,불안
외로운,초조한,불안
초조한,초조한,불안
초조한,초조한,불안
초조한,초조한,불안
초조한,초조한,불안
초조한,초조한,불안
초조한,초조한,불안
"가난한, 불우한",초조한,불안
초조한,초조한,불안
초조한,초조한,불안
초조한,초조한,불안
불안,초조한,불안
불안,초조한,불안
초조한,초조한,불안
초조한,초조한,불안
불안,초조한,불안
상처,초조한,불안
걱정스러운,초조한,불안
안달하는,초조한,불안
초조한,초조한,불안
걱정스러운,초조한,불안
버려진,초조한,불안
상처,초조한,불안
초조한,초조한,불안
희생된,초조한,불안
초조한,초조한,불안
낙담한,초조한,불안
걱정스러운,초조한,불안
스트레스 받는,초조한,불안
걱정스러운,초조한,불안
초조한,초조한,불안
초조한,초조한,불안
초조한,초조한,불안
안달하는,초조한,불안
당혹스러운,초조한,불안
초조한,초조한,불안
걱정스러운,초조한,불안
초조한,초조한,불안
초조한,초조한,불안
초조한,초조한,불안
초조한,초조한,불안
초조한,초조한,불안
초조한,초조한,불안
초조한,초조한,불안
조심스러운,초조한,불안
충격 받은,충격 받은,상처
충격 받은,충격 받은,상처
충격 받은,충격 받은,상처
상처,충격 받은,상처
충격 받은,충격 받은,상처
낙담한,충격 받은,상처
분노,충격 받은,상처
충격 받은,충격 받은,상처
충격 받은,충격 받은,상처
충격 받은,충격 받은,상처
충격 받은,충격 받은,상처
충격 받은,충격 받은,상처
혼란스러운,충격 받은,상처
우울한,충격 받은,상처
상처,충격 받은,상처
충격 받은,충격 받은,상처
충격 받은,충격 받은,상처
충격 받은,충격 받은,상처
환멸을 느끼는,충격 받은,상처
충격 받은,충격 받은,상처
충격 받은,충격 받은,상처
눈물이 나는,충격 받은,상처
충격 받은,충격 받은,상처
충격 받은,충격 받은,상처
충격 받은,충격 받은,상처
충격 받은,충격 받은,상처
충격 받은,충격 받은,상처
충격 받은,충격 받은,상처
괴로워하는,충격 받은,상처
충격 받은,충격 받은,상처
충격 받은,충격 받은,상처
상처,충격 받은,상처
환멸을 느끼는,충격 받은,상처
우울한,충격 받은,상처
충격 받은,충격 받은,상처
충격 받은,충격 받은,상처
충격 받은,충격 받은,상처
충격 받은,충격 받은,상처
노여워하는,충격 받은,상처
당혹스러운,충격 받은,상처
충격 받은,충격 받은,상처
상처,충격 받은,상처
충격 받은,충격 받은,상처
외로운,충격 받은,상처
충격 받은,충격 받은,상처
슬픔,충격 받은,상처
충격 받은,충격 받은,상처
충격 받은,충격 받은,상처
충격 받은,충격 받은,상처
당황,충격 받은,상처
충격 받은,충격 받은,상처
노여워하는,충격 받은,상처
상처,충격 받은,상처
충격 받은,충격 받은,상처
악의적인,충격 받은,상처
혐오스러운,충격 받은,상처
충격 받은,충격 받은,상처
충격 받은,충격 받은,상처
배신당한,충격 받은,상처
충격 받은,충격 받은,상처
충격 받은,충격 받은,상처
충격 받은,충격 받은,상처
상처,충격 받은,상처
충격 받은,충격 받은,상처
충격 받은,충격 받은,상처
충격 받은,충격 받은,상처
충격 받은,충격 받은,상처
충격 받은,충격 받은,상처
억울한,충격 받은,상처
충격 받은,충격 받은,상처
충격 받은,충격 받은,상처
충격 받은,충격 받은,상처
걱정스러운,충격 받은,상처
당혹스러운,충격 받은,상처
버려진,충격 받은,상처
마비된,충격 받은,상처
불안,충격 받은,상처
충격 받은,충격 받은,상처
충격 받은,충격 받은,상처
비통한,충격 받은,상처
충격 받은,충격 받은,상처
충격 받은,충격 받은,상처
충격 받은,충격 받은,상처
충격 받은,충격 받은,상처
충격 받은,충격 받은,상처
충격 받은,충격 받은,상처
충격 받은,충격 받은,상처
충격 받은,충격 받은,상처
배신당한,충격 받은,상처
회의적인,충격 받은,상처
충격 받은,충격 받은,상처
충격 받은,충격 받은,상처
충격 받은,충격 받은,상처
충격 받은,충격 받은,상처
충격 받은,충격 받은,상처
충격 받은,충격 받은,상처
충격 받은,충격 받은,상처
고립된,취약한,불안
불안,취약한,불안
취약한,취약한,불안
두려운,취약한,불안
스트레스 받는,취약한,불안
불안,취약한,불안
슬픔,취약한,불안
고립된,취약한,불안
죄책감의,취약한,불안
취약한,취약한,불안
취약한,취약한,불안
불안,취약한,불안
불안,취약한,불안
슬픔,취약한,불안
"가난한, 불우한",취약한,불안
두려운,취약한,불안
환멸을 느끼는,취약한,불안
좌절한,취약한,불안
취약한,취약한,불안
취약한,취약한,불안
취약한,취약한,불안
불안,취약한,불안
"가난한, 불우한",취약한,불안
취약한,취약한,불안
당혹스러운,취약한,불안
취약한,취약한,불안
눈물이 나는,취약한,불안
우울한,취약한,불안
조심스러운,취약한,불안
부끄러운,취약한,불안
슬픔,취약한,불안
낙담한,취약한,불안
두려운,취약한,불안
불안,취약한,불안
취약한,취약한,불안
취약한,취약한,불안
걱정스러운,취약한,불안
스트레스 받는,취약한,불안
좌절한,취약한,불안
취약한,취약한,불안
취약한,취약한,불안
낙담한,취약한,불안
취약한,취약한,불안
걱정스러운,취약한,불안
두려운,취약한,불안
악의적인,취약한,불안
낙담한,취약한,불안
고립된,취약한,불안
걱정스러운,취약한,불안
낙담한,취약한,불안
불안,취약한,불안
취약한,취약한,불안
혼란스러운,취약한,불안
취약한,취약한,불안
취약한,취약한,불안
불안,취약한,불안
불안,취약한,불안
두려운,취약한,불안
취약한,취약한,불안
불안,취약한,불안
고립된,취약한,불안
조심스러운,취약한,불안
불안,취약한,불안
불안,취약한,불안
불안,취약한,불안
조심스러운,취약한,불안
마비된,취약한,불안
취약한,취약한,불안
혐오스러운,취약한,불안
툴툴대는,취약한,불안
취약한,취약한,불안
취약한,취약한,불안
배신당한,취약한,불안
슬픔,취약한,불안
우울한,취약한,불안
취약한,취약한,불안
버려진,툴툴대는,분노
충격 받은,툴툴대는,분노
툴툴대는,툴툴대는,분노
배신당한,툴툴대는,분노
안달하는,툴툴대는,분노
툴툴대는,툴툴대는,분노
툴툴대는,툴툴대는,분노
툴툴대는,툴툴대는,분노
툴툴대는,툴툴대는,분노
질투하는,툴툴대는,분노
안달하는,툴툴대는,분노
툴툴대는,툴툴대는,분노
염세적인,툴툴대는,분노
억울한,툴툴대는,분노
혐오스러운,툴툴대는,분노
악의적인,툴툴대는,분노
혐오스러운,툴툴대는,분노
구역질 나는,툴툴대는,분노
분노,툴툴대는,분노
짜증내는,툴툴대는,분노
악의적인,툴툴대는,분노
짜증내는,툴툴대는,분노
분노,툴툴대는,분노
툴툴대는,툴툴대는,분노
안달하는,툴툴대는,분노
노여워하는,툴툴대는,분노
툴툴대는,툴툴대는,분노
툴툴대는,툴툴대는,분노
툴툴대는,툴툴대는,분노
툴툴대는,툴툴대는,분노
낙담한,툴툴대는,분노
한심한,툴툴대는,분노
노여워하는,툴툴대는,분노
툴툴대는,툴툴대는,분노
짜증내는,툴툴대는,분노
툴툴대는,툴툴대는,분노
방어적인,툴툴대는,분노
안달하는,툴툴대는,분노
짜증내는,툴툴대는,분노
툴툴대는,툴툴대는,분노
후회되는,툴툴대는,분노
짜증내는,툴툴대는,분노
성가신,툴툴대는,분노
상처,툴툴대는,분노
조심스러운,툴툴대는,분노
툴툴대는,툴툴대는,분노
상처,툴툴대는,분노
성가신,툴툴대는,분노
실망한,툴툴대는,분노
희생된,툴툴대는,분노
회의적인,툴툴대는,분노
툴툴대는,툴툴대는,분노
짜증내는,툴툴대는,분노
툴툴대는,툴툴대는,분노
스트레스 받는,툴툴대는,분노
한심한,툴툴대는,분노
짜증내는,툴툴대는,분노
짜증내는,툴툴대는,분노
염세적인,툴툴대는,분노
스트레스 받는,툴툴대는,분노
우울한,툴툴대는,분노
괴로워하는,툴툴대는,분노
스트레스 받는,툴툴대는,분노
툴툴대는,툴툴대는,분노
짜증내는,툴툴대는,분노
실망한,툴툴대는,분노
분노,툴툴대는,분노
걱정스러운,툴툴대는,분노
툴툴대는,툴툴대는,분노
툴툴대는,툴툴대는,분노
툴툴대는,툴툴대는,분노
성가신,툴툴대는,분노
슬픔,툴툴대는,분노
툴툴대는,툴툴대는,분노
상처,툴툴대는,분노
짜증내는,툴툴대는,분노
툴툴대는,툴툴대는,분노
고립된,툴툴대는,분노
툴툴대는,툴툴대는,분노
툴툴대는,툴툴대는,분노
짜증내는,툴툴대는,분노
분노,툴툴대는,분노
상처,툴툴대는,분노
성가신,툴툴대는,분노
취약한,툴툴대는,분노
억울한,툴툴대는,분노
조심스러운,툴툴대는,분노
안달하는,툴툴대는,분노
툴툴대는,툴툴대는,분노
조심스러운,툴툴대는,분노
짜증내는,툴툴대는,분노
짜증내는,툴툴대는,분노
짜증내는,툴툴대는,분노
혐오스러운,툴툴대는,분노
툴툴대는,툴툴대는,분노
편안한,편안한,기쁨
편안한,편안한,기쁨
만족스러운,편안한,기쁨
기쁨,편안한,기쁨
편안한,편안한,기쁨
편안한,편안한,기쁨
편안한,편안한,기쁨
기쁨,편안한,기쁨
편안한,편안한,기쁨
편안한,편안한,기쁨
기쁨,편안한,기쁨
편안한,편안한,기쁨
신이 난,편안한,기쁨
신이 난,편안한,기쁨
편안한,편안한,기쁨
편안한,편안한,기쁨
기쁨,편안한,기쁨
편안한,편안한,기쁨
편안한,편안한,기쁨
편안한,편안한,기쁨
편안한,편안한,기쁨
기쁨,편안한,기쁨
편안한,편안한,기쁨
감사하는,편안한,기쁨
편안한,편안한,기쁨
편안한,편안한,기쁨
편안한,편안한,기쁨
편안한,편안한,기쁨
편안한,편안한,기쁨
편안한,편안한,기쁨
편안한,편안한,기쁨
편안한,편안한,기쁨
편안한,편안한,기쁨
기쁨,편안한,기쁨
편안한,편안한,기쁨
만족스러운,편안한,기쁨
편안한,편안한,기쁨
느긋,편안한,기쁨
느긋,편안한,기쁨
신뢰하는,편안한,기쁨
편안한,편안한,기쁨
두려운,편안한,기쁨
편안한,편안한,기쁨
눈물이 나는,편안한,기쁨
편안한,편안한,기쁨
편안한,편안한,기쁨
안도,편안한,기쁨
짜증내는,편안한,기쁨
편안한,편안한,기쁨
감사하는,편안한,기쁨
느긋,편안한,기쁨
편안한,편안한,기쁨
편안한,편안한,기쁨
편안한,편안한,기쁨
편안한,편안한,기쁨
편안한,편안한,기쁨
편안한,편안한,기쁨
편안한,편안한,기쁨
편안한,편안한,기쁨
편안한,편안한,기쁨
편안한,편안한,기쁨
마비된,편안한,기쁨
편안한,편안한,기쁨
편안한,편안한,기쁨
만족스러운,편안한,기쁨
느긋,편안한,기쁨
편안한,편안한,기쁨
편안한,편안한,기쁨
편안한,편안한,기쁨
편안한,편안한,기쁨
신뢰하는,편안한,기쁨
편안한,편안한,기쁨
기쁨,편안한,기쁨
편안한,편안한,기쁨
편안한,편안한,기쁨
편안한,편안한,기쁨
편안한,편안한,기쁨
편안한,편안한,기쁨
편안한,편안한,기쁨
편안한,편안한,기쁨
편안한,편안한,기쁨
편안한,편안한,기쁨
혐오스러운,한심한,당황
혼란스러운,한심한,당황
우울한,한심한,당황
한심한,한심한,당황
한심한,한심한,당황
한심한,한심한,당황
한심한,한심한,당황
한심한,한심한,당황
한심한,한심한,당황
한심한,한심한,당황
툴툴대는,한심한,당황
한심한,한심한,당황
악의적인,한심한,당황
한심한,한심한,당황
한심한,한심한,당황
한심한,한심한,당황
분노,한심한,당황
열등감,한심한,당황
부끄러운,한심한,당황
한심한,한심한,당황
한심한,한심한,당황
한심한,한심한,당황
한심한,한심한,당황
한심한,한심한,당황
한심한,한심한,당황
한심한,한심한,당황
한심한,한심한,당황
고립된,한심한,당황
남의 시선을 의식하는,한심한,당황
한심한,한심한,당황
"가난한, 불우한",한심한,당황
부끄러운,한심한,당황
한심한,한심한,당황
한심한,한심한,당황
한심한,한심한,당황
한심한,한심한,당황
당황,한심한,당황
한심한,한심한,당황
악의적인,한심한,당황
한심한,한심한,당황
후회되는,한심한,당황
한심한,한심한,당황
한심한,한심한,당황
한심한,한심한,당황
한심한,한심한,당황
한심한,한심한,당황
한심한,한심한,당황
걱정스러운,한심한,당황
한심한,한심한,당황
한심한,한심한,당황
한심한,한심한,당황
한심한,한심한,당황
한심한,한심한,당황
한심한,한심한,당황
한심한,한심한,당황
한심한,한심한,당황
한심한,한심한,당황
한심한,한심한,당황
한심한,한심한,당황
한심한,한심한,당황
한심한,한심한,당황
우울한,한심한,당황
후회되는,한심한,당황
한심한,한심한,당황
한심한,한심한,당황
한심한,한심한,당황
한심한,한심한,당황
한심한,한심한,당황
한심한,한심한,당황
한심한,한심한,당황
한심한,한심한,당황
한심한,한심한,당황
후회되는,한심한,당황
한심한,한심한,당황
한심한,한심한,당황
한심한,한심한,당황
한심한,한심한,당황
한심한,한심한,당황
한심한,한심한,당황
한심한,한심한,당황
한심한,한심한,당황
한심한,한심한,당황
한심한,한심한,당황
한심한,한심한,당황
한심한,한심한,당황
한심한,한심한,당황
한심한,한심한,당황
혼란스러운,한심한,당황
한심한,한심한,당황
한심한,한심한,당황
환멸을 느끼는,혐오스러운,당황
남의 시선을 의식하는,혐오스러운,당황
혐오스러운,혐오스러운,당황
구역질 나는,혐오스러운,당황
혐오스러운,혐오스러운,당황
짜증내는,혐오스러운,당황
혐오스러운,혐오스러운,당황
혐오스러운,혐오스러운,당황
혐오스러운,혐오스러운,당황
혐오스러운,혐오스러운,당황
고립된,혐오스러운,당황
혐오스러운,혐오스러운,당황
혐오스러운,혐오스러운,당황
분노,혐오스러운,당황
혐오스러운,혐오스러운,당황
버려진,혐오스러운,당황
혐오스러운,혐오스러운,당황
환멸을 느끼는,혐오스러운,당황
성가신,혐오스러운,당황
혐오스러운,혐오스러운,당황
당혹스러운,혐오스러운,당황
혐오스러운,혐오스러운,당황
혐오스러운,혐오스러운,당황
감사하는,혐오스러운,당황
성가신,혐오스러운,당황
악의적인,혐오스러운,당황
성가신,혐오스러운,당황
걱정스러운,혐오스러운,당황
고립된,혐오스러운,당황
혐오스러운,혐오스러운,당황
구역질 나는,혐오스러운,당황
괴로워하는,혐오스러운,당황
구역질 나는,혐오스러운,당황
구역질 나는,혐오스러운,당황
남의 시선을 의식하는,혐오스러운,당황
혐오스러운,혐오스러운,당황
신뢰하는,혐오스러운,당황
혐오스러운,혐오스러운,당황
실망한,혐오스러운,당황
괴로워하는,혐오스러운,당황
혐오스러운,혐오스러운,당황
혼란스러운,혐오스러운,당황
혐오스러운,혐오스러운,당황
혐오스러운,혐오스러운,당황
혐오스러운,혐오스러운,당황
혐오스러운,혐오스러운,당황
방어적인,혐오스러운,당황
당황,혐오스러운,당황
혐오스러운,혐오스러운,당황
혐오스러운,혐오스러운,당황
구역질 나는,혐오스러운,당황
혐오스러운,혐오스러운,당황
혐오스러운,혐오스러운,당황
혐오스러운,혐오스러운,당황
괴로워하는,혐오스러운,당황
혐오스러운,혐오스러운,당황
악의적인,혐오스러운,당황
걱정스러운,혐오스러운,당황
외로운,혐오스러운,당황
혐오스러운,혐오스러운,당황
희생된,혐오스러운,당황
혐오스러운,혐오스러운,당황
혐오스러운,혐오스러운,당황
툴툴대는,혐오스러운,당황
환멸을 느끼는,혐오스러운,당황
혐오스러운,혐오스러운,당황
혐오스러운,혐오스러운,당황
혼란스러운,혼란스러운,불안
혼란스러운,혼란스러운,불안
혼란스러운,혼란스러운,불안
혼란스러운,혼란스러운,불안
좌절한,혼란스러운,불안
혼란스러운,혼란스러운,불안
혼란스러운,혼란스러운,불안
당황,혼란스러운,불안
혼란스러운,혼란스러운,불안
혼란스러운,혼란스러운,불안
환멸을 느끼는,혼란스러운,불안
혼란스러운,혼란스러운,불안
눈물이 나는,혼란스러운,불안
충격 받은,혼란스러운,불안
혼란스러운,혼란스러운,불안
혼란스러운,혼란스러운,불안
배신당한,혼란스러운,불안
혼란스러운,혼란스러운,불안
혼란스러운,혼란스러운,불안
혼란스러운,혼란스러운,불안
외로운,혼란스러운,불안
질투하는,혼란스러운,불안
혼란스러운,혼란스러운,불안
혼란스러운,혼란스러운,불안
혼란스러운,혼란스러운,불안
걱정스러운,혼란스러운,불안
혼란스러운,혼란스러운,불안
혼란스러운,혼란스러운,불안
충격 받은,혼란스러운,불안
혼란스러운,혼란스러운,불안
혼란스러운,혼란스러운,불안
당혹스러운,혼란스러운,불안
혼란스러운,혼란스러운,불안
혼란스러운,혼란스러운,불안
환멸을 느끼는,혼란스러운,불안
혼란스러운,혼란스러운,불안
걱정스러운,혼란스러운,불안
혼란스러운,혼란스러운,불안
혼란스러운,혼란스러운,불안
혼란스러운,혼란스러운,불안
혼란스러운,혼란스러운,불안
억울한,혼란스러운,불안
혼란스러운,혼란스러운,불안
두려운,혼란스러운,불안
남의 시선을 의식하는,혼란스러운,불안
혼란스러운,혼란스러운,불안
혼란스러운,혼란스러운,불안
혼란스러운,혼란스러운,불안
혼란스러운,혼란스러운,불안
당혹스러운,혼란스러운,불안
혼란스러운,혼란스러운,불안
불안,혼란스러운,불안
부끄러운,혼란스러운,불안
혼란스러운,혼란스러운,불안
혼란스러운,혼란스러운,불안
당황,혼란스러운,불안
혼란스러운,혼란스러운,불안
혼란스러운,혼란스러운,불안
혼란스러운,혼란스러운,불안
당황,혼란스러운,불안
당황,혼란스러운,불안
상처,혼란스러운,불안
걱정스러운,혼란스러운,불안
걱정스러운,혼란스러운,불안
혼란스러운,혼란스러운,불안
스트레스 받는,혼란스러운,불안
혼란스러운,혼란스러운,불안
외로운,혼란스러운,불안
혼란스러운,혼란스러운,불안
괴로워하는,혼란스러운,불안
혼란스러운,혼란스러운,불안
혼란스러운,혼란스러운,불안
혼란스러운,혼란스러운,불안
당황,혼란스러운,불안
혼란스러운,혼란스러운,불안
혼란스러운,혼란스러운,불안
혼란스러운,혼란스러운,불안
혼란스러운,혼란스러운,불안
혼란스러운,혼란스러운,불안
당황,혼란스러운,불안
툴툴대는,혼란스러운,불안
혼란스러운,혼란스러운,불안
혼란스러운,혼란스러운,불안
마비된,혼란스러운,불안
혼란스러운,혼란스러운,불안
혼란스러운,혼란스러운,불안
당황,혼란스러운,불안
혼란스러운,혼란스러운,불안
혼란스러운,혼란스러운,불안
혼란스러운,혼란스러운,불안
혼란스러운,혼란스러운,불안
짜증내는,혼란스러운,불안
혼란스러운,혼란스러운,불안
혼란스러운,혼란스러운,불안
혼란스러운,혼란스러운,불안
분노,혼란스러운,불안
혼란스러운,혼란스러운,불안
혼란스러운,혼란스러운,불안
혼란스러운,혼란스러운,불안
혼란스러운,혼란스러운,불안
혼란스러운,혼란스러운,불안
걱정스러운,혼란스러운,불안
혼란스러운,혼란스러운,불안
혼란스러운,혼란스러운,불안
실망한,혼란스러운,불안
혼란스러운,혼란스러운,불안
혼란스러운,혼란스러운,불안
당혹스러운,혼란스러운,불안
혼란스러운,혼란스러운,불안
걱정스러운,혼란스러운,불안
마비된,혼란스러운,불안
혼란스러운,혼란스러운,불안
혼란스러운,혼란스러운,불안
혼란스러운,혼란스러운,불안
충격 받은,혼란스러운,불안
회의적인,혼란스러운,불안
혼란스러운,혼란스러운,불안
조심스러운,혼란스러운,불안
툴툴대는,혼란스러운,불안
혼란스러운,혼란스러운,불안
혼란스러운,혼란스러운,불안
마비된,혼란스러운,불안
혼란스러운,혼란스러운,불안
혼란스러운,혼란스러운,불안
남의 시선을 의식하는,혼란스러운,불안
혼란스러운,혼란스러운,불안
혼란스러운,혼란스러운,불안
혼란스러운,혼란스러운,불안
혼란스러운,혼란스러운,불안
혼란스러운,혼란스러운,불안
혼란스러운,혼란스러운,불안
혼란스러운,혼란스러운,불안
두려운,혼란스러운,불안
성가신,혼란스러운,불안
혼란스러운,혼란스러운,불안
혼란스러운,혼란스러운,불안
혼란스러운,혼란스러운,불안
혼란스러운,혼란스러운,불안
혼란스러운,혼란스러운,불안
혼란스러운,혼란스러운,불안
혼란스러운,혼란스러운,불안
혼란스러운,혼란스러운,불안
혼란스러운,혼란스러운,불안
한심한,혼란스러운,불안
혼란스러운,혼란스러운,불안
혼란스러운,혼란스러운,불안
혼란스러운,혼란스러운,불안
혼란스러운,혼란스러운,불안
혼란스러운,혼란스러운,불안
혼란스러운,혼란스러운,불안
혼란스러운,혼란스러운,불안
혼란스러운,혼란스러운,불안
혼란스러운,혼란스러운,불안
두려운,혼란스러운,불안
충격 받은,혼란스러운,불안
고립된,혼란스러운,불안
혼란스러운,혼란스러운,불안
혼란스러운,혼란스러운,불안
혼란스러운,혼란스러운,불안
혼란스러운,혼란스러운,불안
당혹스러운,혼란스러운,불안
혼란스러운,혼란스러운,불안
혼란스러운,혼란스러운,불안
혼란스러운,혼란스러운,불안
혼란스러운,혼란스러운,불안
혼란스러운,혼란스러운,불안
혼란스러운,혼란스러운,불안
혼란스러운,혼란스러운,불안
억울한,혼란스러운,불안
혼란스러운,혼란스러운,불안
혼란스러운,혼란스러운,불안
혼란스러운,혼란스러운,불안
혼란스러운,혼란스러운,불안
혼란스러운,혼란스러운,불안
혼란스러운,혼란스러운,불안
혼란스러운,혼란스러운,불안
혼란스러운,혼란스러운,불안
혼란스러운,혼란스러운,불안
혼란스러운,혼란스러운,불안
혼란스러운,혼란스러운,불안
슬픔,환멸을 느끼는,슬픔
혼란스러운,환멸을 느끼는,슬픔
성가신,환멸을 느끼는,슬픔
눈물이 나는,환멸을 느끼는,슬픔
환멸을 느끼는,환멸을 느끼는,슬픔
환멸을 느끼는,환멸을 느끼는,슬픔
혼란스러운,환멸을 느끼는,슬픔
당황,환멸을 느끼는,슬픔
당황,환멸을 느끼는,슬픔
비통한,환멸을 느끼는,슬픔
환멸을 느끼는,환멸을 느끼는,슬픔
환멸을 느끼는,환멸을 느끼는,슬픔
환멸을 느끼는,환멸을 느끼는,슬픔
한심한,환멸을 느끼는,슬픔
낙담한,환멸을 느끼는,슬픔
성가신,환멸을 느끼는,슬픔
환멸을 느끼는,환멸을 느끼는,슬픔
버려진,환멸을 느끼는,슬픔
부끄러운,환멸을 느끼는,슬픔
툴툴대는,환멸을 느끼는,슬픔
환멸을 느끼는,환멸을 느끼는,슬픔
환멸을 느끼는,환멸을 느끼는,슬픔
환멸을 느끼는,환멸을 느끼는,슬픔
괴로워하는,환멸을 느끼는,슬픔
환멸을 느끼는,환멸을 느끼는,슬픔
충격 받은,환멸을 느끼는,슬픔
환멸을 느끼는,환멸을 느끼는,슬픔
후회되는,환멸을 느끼는,슬픔
짜증내는,환멸을 느끼는,슬픔
환멸을 느끼는,환멸을 느끼는,슬픔
분노,환멸을 느끼는,슬픔
실망한,환멸을 느끼는,슬픔
당황,환멸을 느끼는,슬픔
환멸을 느끼는,환멸을 느끼는,슬픔
환멸을 느끼는,환멸을 느끼는,슬픔
혐오스러운,환멸을 느끼는,슬픔
스트레스 받는,환멸을 느끼는,슬픔
염세적인,환멸을 느끼는,슬픔
환멸을 느끼는,환멸을 느끼는,슬픔
혐오스러운,환멸을 느끼는,슬픔
환멸을 느끼는,환멸을 느끼는,슬픔
고립된,환멸을 느끼는,슬픔
억울한,환멸을 느끼는,슬픔
성가신,환멸을 느끼는,슬픔
환멸을 느끼는,환멸을 느끼는,슬픔
환멸을 느끼는,환멸을 느끼는,슬픔
환멸을 느끼는,환멸을 느끼는,슬픔
환멸을 느끼는,환멸을 느끼는,슬픔
낙담한,환멸을 느끼는,슬픔
환멸을 느끼는,환멸을 느끼는,슬픔
환멸을 느끼는,환멸을 느끼는,슬픔
환멸을 느끼는,환멸을 느끼는,슬픔
실망한,환멸을 느끼는,슬픔
환멸을 느끼는,환멸을 느끼는,슬픔
환멸을 느끼는,환멸을 느끼는,슬픔
환멸을 느끼는,환멸을 느끼는,슬픔
환멸을 느끼는,환멸을 느끼는,슬픔
환멸을 느끼는,환멸을 느끼는,슬픔
환멸을 느끼는,환멸을 느끼는,슬픔
환멸을 느끼는,환멸을 느끼는,슬픔
혐오스러운,환멸을 느끼는,슬픔
환멸을 느끼는,환멸을 느끼는,슬픔
환멸을 느끼는,환멸을 느끼는,슬픔
"가난한, 불우한",환멸을 느끼는,슬픔
"가난한, 불우한",환멸을 느끼는,슬픔
환멸을 느끼는,환멸을 느끼는,슬픔
걱정스러운,환멸을 느끼는,슬픔
환멸을 느끼는,환멸을 느끼는,슬픔
환멸을 느끼는,환멸을 느끼는,슬픔
환멸을 느끼는,환멸을 느끼는,슬픔
악의적인,환멸을 느끼는,슬픔
염세적인,환멸을 느끼는,슬픔
툴툴대는,환멸을 느끼는,슬픔
환멸을 느끼는,환멸을 느끼는,슬픔
환멸을 느끼는,환멸을 느끼는,슬픔
후회되는,환멸을 느끼는,슬픔
부끄러운,환멸을 느끼는,슬픔
환멸을 느끼는,환멸을 느끼는,슬픔
회의적인,환멸을 느끼는,슬픔
실망한,환멸을 느끼는,슬픔
환멸을 느끼는,환멸을 느끼는,슬픔
환멸을 느끼는,환멸을 느끼는,슬픔
환멸을 느끼는,환멸을 느끼는,슬픔
환멸을 느끼는,환멸을 느끼는,슬픔
회의적인,회의적인,불안
회의적인,회의적인,불안
회의적인,회의적인,불안
후회되는,회의적인,불안
회의적인,회의적인,불안
고립된,회의적인,불안
회의적인,회의적인,불안
회의적인,회의적인,불안
회의적인,회의적인,불안
환멸을 느끼는,회의적인,불안
질투하는,회의적인,불안
성가신,회의적인,불안
후회되는,회의적인,불안
불안,회의적인,불안
"가난한, 불우한",회의적인,불안
회의적인,회의적인,불안
회의적인,회의적인,불안
악의적인,회의적인,불안
회의적인,회의적인,불안
혼란스러운,회의적인,불안
걱정스러운,회의적인,불안
질투하는,회의적인,불안
회의적인,회의적인,불안
초조한,회의적인,불안
회의적인,회의적인,불안
스트레스 받는,회의적인,불안
혼란스러운,회의적인,불안
염세적인,회의적인,불안
회의적인,회의적인,불안
버려진,회의적인,불안
실망한,회의적인,불안
회의적인,회의적인,불안
우울한,회의적인,불안
회의적인,회의적인,불안
회의적인,회의적인,불안
스트레스 받는,회의적인,불안
회의적인,회의적인,불안
회의적인,회의적인,불안
회의적인,회의적인,불안
열등감,회의적인,불안
혼란스러운,회의적인,불안
회의적인,회의적인,불안
회의적인,회의적인,불안
회의적인,회의적인,불안
불안,회의적인,불안
염세적인,회의적인,불안
툴툴대는,회의적인,불안
걱정스러운,회의적인,불안
회의적인,회의적인,불안
불안,회의적인,불안
낙담한,회의적인,불안
회의적인,회의적인,불안
염세적인,회의적인,불안
회의적인,회의적인,불안
회의적인,회의적인,불안
고립된,회의적인,불안
회의적인,회의적인,불안
회의적인,회의적인,불안
회의적인,회의적인,불안
환멸을 느끼는,회의적인,불안
"가난한, 불우한",회의적인,불안
회의적인,회의적인,불안
불안,회의적인,불안
회의적인,회의적인,불안
회의적인,회의적인,불안
스트레스 받는,회의적인,불안
혼란스러운,회의적인,불안
환멸을 느끼는,회의적인,불안
좌절한,회의적인,불안
후회되는,회의적인,불안
불안,회의적인,불안
회의적인,회의적인,불안
낙담한,회의적인,불안
만족스러운,회의적인,불안
혼란스러운,회의적인,불안
혼란스러운,회의적인,불안
혼란스러운,회의적인,불안
회의적인,회의적인,불안
회의적인,회의적인,불안
후회되는,회의적인,불안
회의적인,회의적인,불안
염세적인,회의적인,불안
회의적인,회의적인,불안
후회되는,후회되는,슬픔
혼란스러운,후회되는,슬픔
후회되는,후회되는,슬픔
후회되는,후회되는,슬픔
후회되는,후회되는,슬픔
후회되는,후회되는,슬픔
버려진,후회되는,슬픔
후회되는,후회되는,슬픔
좌절한,후회되는,슬픔
후회되는,후회되는,슬픔
상처,후회되는,슬픔
후회되는,후회되는,슬픔
후회되는,후회되는,슬픔
후회되는,후회되는,슬픔
후회되는,후회되는,슬픔
후회되는,후회되는,슬픔
후회되는,후회되는,슬픔
후회되는,후회되는,슬픔
후회되는,후회되는,슬픔
실망한,후회되는,슬픔
후회되는,후회되는,슬픔
후회되는,후회되는,슬픔
후회되는,후회되는,슬픔
후회되는,후회되는,슬픔
후회되는,후회되는,슬픔
후회되는,후회되는,슬픔
걱정스러운,후회되는,슬픔
후회되는,후회되는,슬픔
후회되는,후회되는,슬픔
후회되는,후회되는,슬픔
후회되는,후회되는,슬픔
비통한,후회되는,슬픔
후회되는,후회되는,슬픔
외로운,후회되는,슬픔
환멸을 느끼는,후회되는,슬픔
후회되는,후회되는,슬픔
후회되는,후회되는,슬픔
후회되는,후회되는,슬픔
후회되는,후회되는,슬픔
후회되는,후회되는,슬픔
후회되는,후회되는,슬픔
후회되는,후회되는,슬픔
후회되는,후회되는,슬픔
후회되는,후회되는,슬픔
후회되는,후회되는,슬픔
후회되는,후회되는,슬픔
후회되는,후회되는,슬픔
후회되는,후회되는,슬픔
후회되는,후회되는,슬픔
후회되는,후회되는,슬픔
후회되는,후회되는,슬픔
후회되는,후회되는,슬픔
후회되는,후회되는,슬픔
후회되는,후회되는,슬픔
당혹스러운,후회되는,슬픔
후회되는,후회되는,슬픔
후회되는,후회되는,슬픔
실망한,후회되는,슬픔
후회되는,후회되는,슬픔
후회되는,후회되는,슬픔
후회되는,후회되는,슬픔
후회되는,후회되는,슬픔
후회되는,후회되는,슬픔
후회되는,후회되는,슬픔
후회되는,후회되는,슬픔
열등감,후회되는,슬픔
후회되는,후회되는,슬픔
후회되는,후회되는,슬픔
후회되는,후회되는,슬픔
죄책감의,후회되는,슬픔
후회되는,후회되는,슬픔
후회되는,후회되는,슬픔
억울한,후회되는,슬픔
후회되는,후회되는,슬픔
후회되는,후회되는,슬픔
후회되는,후회되는,슬픔
고립된,후회되는,슬픔
후회되는,후회되는,슬픔
후회되는,후회되는,슬픔
후회되는,후회되는,슬픔
죄책감의,후회되는,슬픔
후회되는,후회되는,슬픔
후회되는,후회되는,슬픔
조심스러운,후회되는,슬픔
후회되는,후회되는,슬픔
후회되는,후회되는,슬픔
후회되는,후회되는,슬픔
후회되는,후회되는,슬픔
죄책감의,후회되는,슬픔
후회되는,후회되는,슬픔
신이 난,흥분,기쁨
느긋,흥분,기쁨
기쁨,흥분,기쁨
편안한,흥분,기쁨
걱정스러운,흥분,기쁨
방어적인,흥분,기쁨
흥분,흥분,기쁨
노여워하는,흥분,기쁨
신이 난,흥분,기쁨
흥분,흥분,기쁨
흥분,흥분,기쁨
악의적인,흥분,기쁨
편안한,흥분,기쁨
노여워하는,흥분,기쁨
신이 난,흥분,기쁨
노여워하는,흥분,기쁨
흥분,흥분,기쁨
흥분,흥분,기쁨
흥분,흥분,기쁨
기쁨,흥분,기쁨
기쁨,흥분,기쁨
기쁨,흥분,기쁨
흥분,흥분,기쁨
흥분,흥분,기쁨
기쁨,흥분,기쁨
흥분,흥분,기쁨
흥분,흥분,기쁨
신이 난,흥분,기쁨
만족스러운,흥분,기쁨
기쁨,흥분,기쁨
당황,흥분,기쁨
기쁨,흥분,기쁨
안도,흥분,기쁨
기쁨,흥분,기쁨
신이 난,흥분,기쁨
신이 난,흥분,기쁨
흥분,흥분,기쁨
신이 난,흥분,기쁨
기쁨,흥분,기쁨
기쁨,흥분,기쁨
흥분,흥분,기쁨
기쁨,흥분,기쁨
악의적인,흥분,기쁨
흥분,흥분,기쁨
마비된,흥분,기쁨
신이 난,흥분,기쁨
흥분,흥분,기쁨
안도,흥분,기쁨
흥분,흥분,기쁨
기쁨,흥분,기쁨
신이 난,흥분,기쁨
신이 난,흥분,기쁨
흥분,흥분,기쁨
신이 난,흥분,기쁨
기쁨,흥분,기쁨
흥분,흥분,기쁨
만족스러운,흥분,기쁨
신이 난,흥분,기쁨
흥분,흥분,기쁨
만족스러운,흥분,기쁨
비통한,흥분,기쁨
희생된,희생된,상처
희생된,희생된,상처
희생된,희생된,상처
희생된,희생된,상처
슬픔,희생된,상처
악의적인,희생된,상처
희생된,희생된,상처
희생된,희생된,상처
희생된,희생된,상처
안달하는,희생된,상처
희생된,희생된,상처
죄책감의,희생된,상처
희생된,희생된,상처
억울한,희생된,상처
희생된,희생된,상처
슬픔,희생된,상처
우울한,희생된,상처
희생된,희생된,상처
후회되는,희생된,상처
희생된,희생된,상처
스트레스 받는,희생된,상처
희생된,희생된,상처
구역질 나는,희생된,상처
희생된,희생된,상처
희생된,희생된,상처
희생된,희생된,상처
스트레스 받는,희생된,상처
스트레스 받는,희생된,상처
희생된,희생된,상처
괴로워하는,희생된,상처
희생된,희생된,상처
희생된,희생된,상처
초조한,희생된,상처
희생된,희생된,상처
희생된,희생된,상처
걱정스러운,희생된,상처
후회되는,희생된,상처
희생된,희생된,상처
두려운,희생된,상처
질투하는,희생된,상처
희생된,희생된,상처
당혹스러운,희생된,상처
희생된,희생된,상처
희생된,희생된,상처
희생된,희생된,상처
희생된,희생된,상처
희생된,희생된,상처
신뢰하는,희생된,상처
희생된,희생된,상처
희생된,희생된,상처
희생된,희생된,상처
희생된,희생된,상처
회의적인,희생된,상처
낙담한,희생된,상처
희생된,희생된,상처
희생된,희생된,상처
희생된,희생된,상처
환멸을 느끼는,희생된,상처
희생된,희생된,상처
희생된,희생된,상처
고립된,희생된,상처
희생된,희생된,상처
희생된,희생된,상처
안달하는,희생된,상처
자신하는,희생된,상처
죄책감의,희생된,상처
희생된,희생된,상처
희생된,희생된,상처
희생된,희생된,상처
희생된,희생된,상처
희생된,희생된,상처
괴로워하는,희생된,상처
희생된,희생된,상처
상처,희생된,상처
불안,희생된,상처
희생된,희생된,상처
후회되는,희생된,상처
